urlid,label
5865,0.580238965953
782,0.315618075953
6962,0.509950398713
7640,0.3103036127
3589,0.393695250593
6719,0.38243550632
3905,0.339646951
9841,0.656652739987
7447,0.361344388593
4776,0.333614219713
2879,0.470429748247
2620,0.32509449738
10479,0.285350945313
1105,0.27204081028
1849,0.378190638187
8286,0.5499931698
8344,0.53607876156
10486,0.646006655307
8661,0.651568601253
7188,0.36491668208
1433,0.58876447864
677,0.593562905947
469,0.63154149264
6988,0.306936137827
8024,0.337473569047
6896,0.35665773952
9154,0.364037306227
342,0.441532559313
50,0.432727173327
983,0.31898691196
6933,0.336734708613
8271,0.2960488953
5602,0.32891092102
4505,0.207545704093
4966,0.558065231867
2390,0.26210468832
6736,0.439438362073
4660,0.6722446948
7560,0.55656723298
3840,0.399773132787
5823,0.6023813754
5789,0.624429289807
1595,0.2795127807
6770,0.5323240756
3522,0.632442143933
5584,0.614865894767
8323,0.566976573833
3862,0.486630706667
373,0.264086848393
7345,0.3227327944
7708,0.614624521447
1398,0.571093233367
4298,0.350711550147
7467,0.2666442265
1878,0.53220112328
1832,0.406404913487
625,0.350463962927
7438,0.29618227252
9961,0.652727841507
7117,0.32352339966
8190,0.292451216793
1713,0.488487852447
949,0.436427617693
9246,0.239209050767
2326,0.34618386172
8942,0.309493181407
4458,0.476863193773
4659,0.440575745153
9522,0.310737308713
2497,0.437594856447
9836,0.378417420953
3808,0.6431801276
5575,0.59622177484
5714,0.282545999387
2490,0.626274262187
6812,0.41626557738
4335,0.239271222913
10014,0.482348894027
5889,0.63106721576
482,0.452722279713
8082,0.330522751747
5856,0.619788129087
8866,0.504050785327
2624,0.62941438152
1371,0.617474004973
4436,0.443072854667
2972,0.653688515993
3638,0.63924544162
6249,0.422987036407
7602,0.366828734413
9624,0.656622270467
7567,0.354537411033
6578,0.30183504236
7590,0.5508955171
8590,0.41312679066
10520,0.553444124053
1906,0.350983724873
1373,0.398684010467
1601,0.68331234756
4754,0.382489899447
8208,0.305720858467
1658,0.648206358033
1352,0.621126509113
8143,0.655594480433
7760,0.59592670174
7836,0.556325013893
9769,0.311260729507
503,0.562047328753
4909,0.360295194653
7162,0.2620409143
10035,0.550516633967
1992,0.474685515353
6133,0.290802350587
8519,0.319792925353
1879,0.40979214256
7107,0.3819541519
1225,0.44761240604
2451,0.516568234433
8252,0.271578932607
9214,0.377760596707
4850,0.621705440013
5891,0.348061668407
5274,0.33258987768
8623,0.266853178047
562,0.554286222847
860,0.281895456793
4199,0.614008896487
7616,0.3198800114
10544,0.489431688273
1567,0.518323425767
6552,0.388308502007
954,0.266797312107
111,0.405652938913
7036,0.44627309232
1995,0.626296848293
7095,0.35150246594
10180,0.437182259647
6872,0.600279760987
4805,0.673881772767
355,0.57151690848
8097,0.598538849507
9271,0.63634785804
431,0.412404364513
1646,0.541030569113
143,0.49138049124
3436,0.2939406459
150,0.4323434538
9745,0.377910052627
715,0.384588258533
578,0.355209569127
8684,0.568952531787
1186,0.491260668547
9115,0.435083808327
9239,0.335365975347
5461,0.507474247867
5424,0.536042029247
1349,0.672602403513
609,0.561075302827
7569,0.358434135533
1622,0.412846139667
6541,0.319982863933
9873,0.623218873807
305,0.37201751654
6041,0.316844189813
5360,0.406003171153
8445,0.642285509613
7260,0.405309767593
4526,0.471668409467
138,0.429856857313
168,0.396722328727
7888,0.467974508633
4639,0.57613819848
867,0.36177568796
9673,0.484424864813
710,0.448999535107
4749,0.3202690356
4716,0.190257842253
410,0.501417249773
2155,0.671943535347
3289,0.455206302013
7774,0.3303004545
1200,0.320501254513
9057,0.331619870153
2261,0.312026609873
9612,0.253800213
4987,0.42603798136
3605,0.68916652326
5068,0.70153940134
4474,0.56334386982
5831,0.52701252998
4729,0.347242218953
10060,0.404232796853
6895,0.221807501833
3791,0.5897576887
7910,0.218586657413
4209,0.328105327973
4984,0.63651715532
1773,0.378447901553
2101,0.29209921656
7251,0.317737211753
2887,0.404062921473
875,0.436124433227
8185,0.42451355446
9688,0.63044561752
5342,0.257020126653
6802,0.407609068467
3077,0.45540933818
712,0.249569663473
3026,0.32509449738
2640,0.316525151073
4872,0.527289799627
3334,0.499949015
2431,0.35442992316
9218,0.30186518068
7417,0.436943406207
3563,0.700860694373
1006,0.369398839667
8940,0.32424905722
7703,0.299827899913
2686,0.419939959353
8159,0.64318794112
37,0.370769810153
65,0.341037959833
1910,0.340257599907
2202,0.593263508627
9717,0.56174426222
2388,0.540665997173
2365,0.327804317267
5072,0.423281896873
4614,0.349339312313
6955,0.369395736453
4094,0.156951851673
3319,0.674530061
1456,0.65744842292
5381,0.545918645813
4479,0.566398962627
4766,0.35411741272
6076,0.632350819133
8064,0.46728325742
3416,0.61787298528
4892,0.323201641653
9942,0.624613852873
9215,0.400700300107
4506,0.594743697407
9275,0.433197517453
1306,0.66149971412
6828,0.62054711528
8368,0.512695296373
7205,0.354349497167
360,0.672509246513
3386,0.2663526018
3835,0.522437886753
1305,0.32863741062
7963,0.397123975733
2073,0.54320853498
4230,0.423040796673
9012,0.3295490493
2723,0.684307341813
6788,0.628690681907
7945,0.255138691493
4868,0.510078751433
6597,0.410237426153
7323,0.240154408873
6229,0.34317901892
3427,0.488537008433
7727,0.375594650613
4707,0.66237480654
2547,0.62037557938
4523,0.681125125453
9648,0.394259232733
1084,0.350872196307
3327,0.563974748507
5591,0.376227269067
186,0.276193177213
2938,0.350299803613
9912,0.61307451736
6047,0.39305002482
2417,0.466775785567
10533,0.42619848592
1137,0.408200001587
1533,0.617036051693
9233,0.42535411926
43,0.3508439023
8986,0.289307640613
6000,0.66471381598
480,0.349621775433
2457,0.4388212818
5362,0.319708059993
7722,0.388545652353
7940,0.49445590398
6104,0.652351808013
8853,0.234321262307
5813,0.545857323527
4769,0.303392507767
2544,0.4297103209
6379,0.460655716333
5262,0.204208898393
9885,0.327209002807
10081,0.357420166067
1315,0.316983330113
3388,0.342503117927
3473,0.637304444487
2117,0.381387395387
9411,0.404412007793
9379,0.654398670313
4236,0.374498679227
2049,0.29882764104
4786,0.305202248193
1604,0.332343106353
7659,0.33519733686
8152,0.33743985656
5417,0.397732039307
160,0.376362646787
6826,0.50551365114
1815,0.45344255136
3647,0.56118931584
5605,0.37368562226
3526,0.648435204853
3854,0.648415200533
1053,0.2982091938
2411,0.297849490007
6015,0.48209359302
2089,0.523430801833
7745,0.67610740036
6816,0.553227025607
3934,0.41886940446
6547,0.289007800133
3758,0.661713373427
7158,0.501478552133
1584,0.3689940519
2982,0.46590837458
7679,0.588886302473
5286,0.591622206887
3776,0.516706650247
1235,0.501242789927
6294,0.48461398246
1012,0.54227162846
10318,0.352649088767
7134,0.425551227673
5180,0.553256336627
2108,0.414396933807
3639,0.40704411122
6729,0.374150604727
2472,0.39098987934
10235,0.401690990733
190,0.580009978347
4713,0.454548007853
6827,0.471055465427
6108,0.482979424373
1114,0.664375805747
4848,0.387964915487
606,0.350417637627
1573,0.612099762747
8546,0.4389207938
5193,0.170923956213
2936,0.292858714653
5104,0.52194781984
6712,0.57548340602
3055,0.320131663987
74,0.560041556393
7726,0.543645286187
9183,0.420302193387
162,0.320113247953
7288,0.479712523387
8657,0.621914964527
1295,0.388294662533
8207,0.413207901007
4433,0.66348092418
590,0.628372848387
10549,0.356917681307
7749,0.363768444213
405,0.632554446787
10267,0.494797253193
7133,0.322535410533
7584,0.404823563313
6616,0.62599122332
1719,0.33991216344
9761,0.503034008933
5859,0.35033170288
5662,0.35532717688
1736,0.359384798507
9333,0.42893450774
1102,0.285008470233
2790,0.34659333518
6598,0.614318720153
7995,0.64863289112
4452,0.62340336172
159,0.394120067273
511,0.42143641814
7006,0.593904902047
1123,0.567570279
6073,0.327351797173
7094,0.29543675178
10008,0.408727311687
7573,0.20863584646
679,0.537092606687
6809,0.332274843733
1108,0.377166713347
380,0.205739471927
204,0.393922076133
7075,0.38086894122
2550,0.380083984907
9785,0.361447358047
5036,0.428024694833
3129,0.34311668122
6495,0.592171766827
880,0.321728523093
2360,0.377827127553
7839,0.303206752553
350,0.42457808904
9151,0.664898590713
6650,0.383128787533
7208,0.452923337793
5840,0.22607079412
5997,0.360334469113
2103,0.615637100693
713,0.373656526133
7771,0.382875765133
10255,0.32413103472
3944,0.68169708214
4250,0.345939434307
2833,0.2894177837
3052,0.328921764893
7855,0.618059313273
4152,0.315401587267
4445,0.673683126007
10036,0.46913844648
9727,0.41816748104
2234,0.30980586418
9632,0.60745337862
626,0.40493565872
1644,0.187890603813
4859,0.60720132972
3987,0.340294182607
5884,0.665355752773
4112,0.576982401713
10392,0.28311451986
2962,0.328277430293
21,0.338806838533
8524,0.565526131953
2543,0.37895083028
663,0.17085444764
2748,0.439416106733
3451,0.353024452433
964,0.534073991753
10560,0.567773865913
2428,0.334839802967
4520,0.400325683667
7660,0.574524136213
6583,0.413044959333
10390,0.22027770192
688,0.30564882518
7957,0.620089397113
3356,0.564252630067
1766,0.34553359244
9128,0.423350249807
2340,0.363359507727
9421,0.333514056733
7712,0.476074454253
8200,0.246933660853
8762,0.219527870207
6446,0.46166027832
5194,0.257131020333
960,0.381262666173
779,0.65835622774
3584,0.39379211214
3011,0.3355079806
2769,0.443959700853
1392,0.357777383147
7254,0.642332236253
9084,0.29799525466
9622,0.309925965133
3665,0.31625158356
1609,0.383848335087
6130,0.308483288173
10155,0.35723036702
7826,0.57016471782
8300,0.34242076902
5038,0.383780516893
7582,0.517494880087
9561,0.305319086907
7430,0.625703225773
5045,0.621005817713
10421,0.230730417853
5675,0.361559343927
4687,0.453783483093
4944,0.6306048079
5105,0.501810570987
148,0.33277097874
6371,0.303605232433
8108,0.297936443167
4354,0.372936458593
6077,0.600887582013
4292,0.32509449738
10068,0.377987511727
5821,0.414784358347
1042,0.605910348873
7715,0.29680325232
9703,0.284483409513
2761,0.315453904433
7002,0.401766055453
7313,0.437930935447
9050,0.32056163138
5518,0.289785431
10556,0.65998934734
1078,0.250659452507
9699,0.377841606933
10445,0.61534000966
8748,0.610340699653
2960,0.27514733262
4317,0.3498624012
939,0.25781461878
8423,0.360087553313
5196,0.290238832873
8151,0.264622648427
7199,0.50432968422
1574,0.447206358227
8566,0.418119268927
7389,0.396778880573
1177,0.531263292247
10282,0.414704353987
10098,0.44247406848
4512,0.327966941473
4055,0.626194260073
8431,0.558372026133
4532,0.432363077553
10450,0.345754389187
5754,0.621558107553
1882,0.530512607553
1563,0.650505434793
4871,0.6429908163
8440,0.386134712073
3253,0.44160350308
8270,0.357195449087
4610,0.42552352492
9619,0.337598659307
8786,0.263141256973
2889,0.646840193993
9781,0.357095561193
5061,0.456559418507
7059,0.649704853593
2064,0.626244321887
1587,0.461005697587
1934,0.639385234727
5516,0.376453802773
9853,0.325967687673
7867,0.395276973707
1556,0.377245020687
5495,0.300065157967
4274,0.350234508553
8177,0.33228373498
9491,0.60466402654
9813,0.214996953213
2205,0.316318813173
2710,0.381136759153
2992,0.246229835567
7998,0.288999077107
6428,0.397064897
6638,0.312345896527
3035,0.46966220658
1578,0.372980190713
1324,0.490712031713
2316,0.572817179813
9326,0.426354912093
7359,0.603305605893
7741,0.429987189527
5143,0.228819671653
8196,0.528019438013
630,0.17637790838
8481,0.600074905667
8497,0.215617944967
5409,0.489972167373
5749,0.35459503136
8219,0.60017817292
9571,0.59141537128
4886,0.548569342013
5367,0.323581007353
1185,0.341422863573
8291,0.3187968178
1590,0.32699284678
7698,0.36926433984
51,0.405571931787
8784,0.282134964613
3928,0.33631648448
5987,0.23824063936
7008,0.61702662264
7482,0.53704127648
9374,0.314662745093
1296,0.416709962327
10289,0.60384544142
2986,0.292743242047
4651,0.262749667327
8594,0.354442571807
7469,0.4753616032
2871,0.364791656247
1903,0.63457434266
8571,0.643018524187
4832,0.49348646704
1242,0.50161645692
7115,0.21857357876
3599,0.39199333382
2065,0.358973821167
4529,0.275905300287
763,0.371926591827
6698,0.612591537687
2002,0.64584756418
2020,0.606860878287
5229,0.381368858347
8243,0.323199123313
6936,0.620983857613
9360,0.618046183033
4360,0.421841117087
7951,0.48378373548
6701,0.577816532753
7574,0.60932591978
2426,0.353676913747
1681,0.602743462367
7135,0.3026026875
3688,0.3572821242
3872,0.331974233547
558,0.267883010727
2228,0.366638404907
8170,0.3935308086
7171,0.352543471
7756,0.390423452447
3609,0.38630517314
3985,0.339339742147
1139,0.372436759947
3453,0.37694875928
7583,0.296308731187
9788,0.674869105647
10175,0.414188795573
6059,0.342858745747
104,0.341313391213
10168,0.281698983653
8902,0.62605505074
5343,0.61516892804
4239,0.424011935787
6767,0.41177491148
6269,0.26611928824
6682,0.30216976644
9558,0.37734292154
2416,0.394479261273
6592,0.383876756067
6196,0.339358424287
2751,0.640459100773
3412,0.6393452098
8302,0.6353295454
1120,0.434616994767
8005,0.249045790093
6637,0.47934556722
6440,0.312112640093
6679,0.583921941053
8039,0.49881123728
5357,0.64703091712
8844,0.597623885367
2964,0.276458801433
6040,0.26483076392
7259,0.625282977447
8974,0.456302401033
7439,0.193660152407
1045,0.262316215233
7706,0.31283105988
9724,0.329408144633
3698,0.322396352013
7339,0.64201122624
1749,0.3828230073
7257,0.316087503353
2963,0.613097430833
7775,0.313053420233
10501,0.32343532382
4258,0.64662851174
7908,0.624347626593
722,0.44487559802
6519,0.46154615854
6916,0.407310502773
4456,0.517025287533
2731,0.37452621676
917,0.548612275253
4107,0.313481209653
7894,0.408758684727
2540,0.353353902813
8455,0.631480212533
10406,0.64331771216
8909,0.305819644187
5489,0.320056225353
306,0.55404417206
3894,0.24862949716
2735,0.355607140447
4939,0.497133720033
1551,0.422429649687
777,0.460574484847
2160,0.624483011633
8599,0.59863513838
2727,0.312811112587
6362,0.3603564393
1417,0.588964304553
10343,0.267769492013
4866,0.63739475872
2682,0.346708301387
9856,0.201684890673
4498,0.21802995798
7450,0.398965380833
6899,0.337571101713
5649,0.5948664192
6086,0.285134996027
1618,0.13471797136
9926,0.22638184652
2847,0.198339675907
8099,0.463887233513
5724,0.416153109567
3358,0.314281018067
8136,0.296702194653
955,0.40431777268
8819,0.293561201813
5832,0.620877093527
10413,0.63629466394
6548,0.273934624747
8407,0.401948210953
10090,0.420986210673
8564,0.334732434527
808,0.626510352273
5303,0.33813540892
8913,0.65409412548
9425,0.59102534786
9543,0.602047902273
1219,0.53323705254
9575,0.666070120767
4019,0.425104458547
6223,0.584805517
9588,0.35235568914
4739,0.48671495586
10492,0.47440808242
2017,0.408998333693
5524,0.63956348388
7449,0.64308432132
5734,0.29847392446
5456,0.41984124852
797,0.452699103647
5525,0.388807162753
8265,0.381067928493
1981,0.650922753247
8977,0.67156847602
6241,0.6324750156
6021,0.539921183
7720,0.357240607187
8632,0.280655303233
6705,0.374722326047
2476,0.568124281093
3510,0.343736209707
8887,0.423338336653
10115,0.388989966393
9061,0.283364326333
5570,0.391965816
2763,0.509997155893
1437,0.45566235254
3448,0.404430524367
3529,0.251679634713
3156,0.32531036426
4604,0.649475786553
6776,0.427521462567
10227,0.371142505933
1545,0.441391345133
10487,0.334953438267
993,0.383875078313
1161,0.638294825093
7975,0.677842606133
1591,0.319762081453
7804,0.553558466787
5048,0.310450072873
10454,0.60555628764
3567,0.334715357687
5886,0.35289252306
9937,0.268516913633
3931,0.553881011893
9706,0.608150603633
10193,0.438847245307
5569,0.655139206353
9747,0.317050338173
2217,0.634030109353
5936,0.213634473887
3885,0.5811267414
1086,0.272843950533
1799,0.477085156827
9763,0.545688594853
3299,0.388297441287
8268,0.65565592806
473,0.276244372887
337,0.60771878452
9381,0.48509792662
6426,0.417142331093
1210,0.322410289293
4986,0.466080625213
8285,0.428016225467
2024,0.438637143107
245,0.655542366613
4807,0.413219157407
2208,0.478569258453
9835,0.253976863073
8963,0.439315173713
9946,0.371733479613
5230,0.181059600573
2788,0.261450034947
674,0.545652510527
1629,0.652770787633
2300,0.4118929746
169,0.247427824993
3575,0.603145875947
6910,0.291662987693
1479,0.28150887444
10498,0.67044151738
8062,0.488980227233
9672,0.24402234802
9467,0.373274661373
6763,0.439998885213
8508,0.3087397351
1034,0.4222642639
3756,0.357422935953
9263,0.315728048667
8141,0.422730305167
532,0.440478443547
7022,0.259639917553
4024,0.350475155507
3298,0.42171956936
5641,0.3459374441
10455,0.317265204813
5206,0.624494579033
7005,0.330030723327
8971,0.259682503373
8358,0.517344806207
257,0.321647261633
78,0.54776440766
6333,0.4899026176
7969,0.336659361667
2505,0.439313653453
2004,0.48059831614
3748,0.391618109093
5668,0.40724422396
365,0.315125038253
9651,0.325654684927
2324,0.187685983673
3902,0.260385937247
9294,0.351406385473
5377,0.33529402412
2817,0.5333617366
7670,0.274106092007
4755,0.618806578307
255,0.639559464567
2714,0.4209951926
2922,0.378152956567
5517,0.441520220327
5157,0.504649579993
64,0.285112790687
5300,0.353555128507
451,0.345705635093
3941,0.618107380807
326,0.266745932047
3757,0.280863198233
8798,0.449937393467
2315,0.577807061333
6755,0.58831388318
2916,0.381491781447
7406,0.36994325786
3703,0.630756293387
5403,0.434797260227
622,0.313651837547
9,0.34863351454
5848,0.32284601676
8670,0.313934380747
1156,0.317494973393
10179,0.309835151593
2028,0.63259278514
3924,0.564922942387
620,0.311437910787
1963,0.488483865487
4537,0.414035611453
8970,0.435962160193
3024,0.67640302132
6140,0.64268888804
1866,0.38246380372
4442,0.617818761793
2312,0.42673894334
6749,0.46440749402
459,0.572464469473
1516,0.60098087794
8817,0.321155801987
4912,0.29185604932
2076,0.364141687267
10023,0.65835484468
7684,0.403047545647
3531,0.264801905053
6209,0.490726700833
10508,0.672191812473
8678,0.470781393853
3541,0.371234893867
1208,0.429163464967
4090,0.441522170247
1097,0.297811533413
5099,0.530464243493
2816,0.460089358487
4291,0.29793814794
1409,0.478151529907
6401,0.314681876193
4617,0.51499498384
6111,0.25937515304
6172,0.57271658216
10357,0.31349113436
8465,0.64913953432
3867,0.419276443873
9495,0.616792121873
4348,0.56790407416
7879,0.445009432753
9273,0.45351718014
3252,0.267154512167
9167,0.374190369453
2573,0.328903178293
7395,0.6227103561
9046,0.371429211133
1526,0.37557439168
9339,0.289025688253
10301,0.667838782913
7588,0.580736166293
1104,0.258686502013
1310,0.342170748173
6631,0.1732571239
10475,0.287834482793
9090,0.390878376633
1528,0.387992822113
1657,0.63962801502
1175,0.302311332047
1895,0.3923210435
3864,0.332183775647
4700,0.333609538707
3572,0.296271392527
10507,0.334648233593
269,0.548678322033
5744,0.4208344386
1687,0.373465053933
3020,0.480690949593
4974,0.620077836953
5119,0.543306015847
1916,0.564646401007
6687,0.645783730487
2197,0.480765963187
8641,0.295763097033
10073,0.59586110686
1967,0.302538210673
4999,0.380399613847
9816,0.3121463756
734,0.623190054433
9665,0.28940805338
5092,0.63346101064
2591,0.666209370793
9877,0.596415694753
4601,0.69155208712
7734,0.299989837233
7185,0.529744005987
6405,0.402210967887
7003,0.375253961253
928,0.2718739622
6490,0.528669172593
1586,0.313783262533
10139,0.68059041654
1192,0.450904644653
10526,0.370647476173
5544,0.573788770013
8779,0.226840239473
4497,0.388514000167
3059,0.628714093633
2181,0.364713050433
2303,0.27536629384
1190,0.542288969067
1468,0.347478711447
8771,0.390901506113
8997,0.672850623653
6365,0.511144307733
10355,0.3290292519
3478,0.3799960263
3764,0.230741166927
3542,0.36139298814
4941,0.308501497133
1840,0.582728383327
463,0.236936058227
7407,0.367420197913
7711,0.468772296893
6044,0.30221386882
3750,0.621377290053
10114,0.33290945492
1332,0.49887083712
425,0.678261406567
3479,0.6197631668
1979,0.52213051782
2994,0.491429693793
207,0.452281194053
5820,0.653254456473
9187,0.428805561367
5423,0.661489254167
2743,0.430746197307
2902,0.641367143853
9126,0.6701719939
7903,0.5134386323
4100,0.47901919352
3578,0.408465168973
6061,0.39826619128
5081,0.198013817913
4575,0.34568666642
6695,0.63136544084
5960,0.332291174547
10186,0.263527601187
6795,0.427226730667
10022,0.27067768186
5841,0.435886108473
7481,0.366525186493
9331,0.347437224153
400,0.669945339927
6907,0.3240768883
10393,0.50676560038
3709,0.6520610337
4726,0.611824343087
3007,0.358449609213
4723,0.31700616708
597,0.27623474354
1810,0.632505881887
4131,0.45919707366
4697,0.644859293767
8838,0.644747689573
5956,0.254228985553
4196,0.450825904007
63,0.475723500453
1714,0.314800754413
904,0.38469988088
9715,0.594768285813
4,0.31567265282
5462,0.467952942167
259,0.336427491207
5418,0.380267227733
6849,0.344131539813
9893,0.271715413873
10003,0.595859353433
4976,0.224217986067
7611,0.596956724607
900,0.353591875447
3746,0.427973268953
3893,0.381233019033
2966,0.149935478113
9667,0.60308622768
9734,0.357285568207
8123,0.388186122387
8470,0.59729168208
4058,0.348622430507
4623,0.664198337347
3782,0.26076404842
7966,0.42948202116
6003,0.498099251827
2168,0.559649289007
422,0.335486199613
6381,0.354564992967
1136,0.531551323973
3443,0.457713119147
2214,0.437523443247
9973,0.628166675993
1593,0.409941485393
5474,0.496968876127
812,0.67260062452
4703,0.225236177247
4294,0.638625509867
10021,0.370775398747
395,0.200249757133
3237,0.501774200647
9099,0.30422367154
2401,0.178742485973
10371,0.30959403336
3420,0.5274060508
3460,0.58848324232
9088,0.554443560013
5995,0.660296771873
3084,0.598525027507
3595,0.360440543987
9524,0.596357931647
167,0.386494054613
9743,0.624185027907
6109,0.312855335253
433,0.27266217068
6292,0.27717883332
8125,0.387045356647
4035,0.374056474113
2929,0.480590380087
8810,0.5928107441
4403,0.312874561767
3925,0.608788263467
1290,0.483099109087
3689,0.658213708307
6709,0.26473238152
8021,0.481758269607
6237,0.617588011173
1453,0.248861409647
7340,0.378672555187
6078,0.402851993313
2369,0.287952515493
1781,0.329018253713
3830,0.6620040149
7625,0.323784676353
8150,0.370838519467
1680,0.449345401087
7077,0.30272134522
3360,0.425177026
7927,0.624913993713
244,0.36216550748
8107,0.488321332747
820,0.607297460527
5915,0.60460569678
924,0.297432972093
9207,0.43870762546
4077,0.581735875267
6052,0.436646840987
508,0.585991451193
8105,0.184744570973
4405,0.219330997393
7558,0.193472002667
6094,0.664060323247
484,0.630757319893
8927,0.34810415802
310,0.3348167762
8075,0.420757802427
1094,0.375116375527
3211,0.420081116953
1700,0.619356716707
4816,0.416433521513
9354,0.623252944373
8845,0.389030265447
7530,0.60176500772
1520,0.362686806033
1087,0.64218047376
5786,0.47331412564
6847,0.41072040272
999,0.395852643333
5308,0.48205784888
6569,0.66111773034
10200,0.25038051732
5868,0.539654599047
1757,0.347424616313
4625,0.597856658807
2955,0.56791342888
6187,0.665223791327
9931,0.51934088522
4883,0.550637215507
2488,0.46219599868
156,0.589563307193
2820,0.32834991142
1311,0.335269809
1517,0.40411110746
3640,0.32700817198
5763,0.31697618342
6689,0.441289856387
1193,0.332951229047
8217,0.606223563247
10327,0.524769065613
5042,0.384451056407
6903,0.332808353947
2068,0.597572502967
7614,0.33624864586
8842,0.35701243908
2445,0.440711310307
10276,0.340513730967
4931,0.32256815312
6842,0.360000592313
5927,0.31654356578
6207,0.342265816067
4539,0.44248383742
8721,0.30405533586
3618,0.274499224673
2580,0.285836255827
5321,0.50460430692
3181,0.33398638238
4742,0.35450401014
3340,0.5486547099
8310,0.673201838767
3948,0.420138614053
2126,0.65478179162
10436,0.362926415733
9635,0.57270886108
9022,0.31086555458
8576,0.334065266753
2522,0.315184805307
7341,0.6475481757
7377,0.675054611427
7636,0.309639479767
2536,0.581683968487
2706,0.527472194833
4814,0.299752122027
6032,0.39703749748
2630,0.48997304502
1857,0.333693268133
5412,0.666092875953
1957,0.30830199588
9805,0.218739944787
9256,0.362861009547
1055,0.564482014633
8439,0.495470894387
317,0.41074937308
6126,0.33605856434
9970,0.428563300347
6008,0.3353064146
2811,0.326490221827
10214,0.308209418227
10337,0.248711066353
6563,0.368871094133
5611,0.65688111596
6358,0.409835325253
8446,0.36104472092
974,0.31944069618
4839,0.457307707053
4806,0.54253825884
4597,0.338631189347
4649,0.258058847767
7744,0.61894166638
5826,0.460175782247
6118,0.479887609327
6785,0.27130052886
301,0.64686578322
3192,0.654857974227
9854,0.471272464147
9227,0.63064579532
4768,0.347551042927
2961,0.279027719727
4564,0.277031183933
2484,0.36108652692
1606,0.379205249773
2864,0.353683305313
2884,0.213353418193
2753,0.273833059607
4366,0.56615957158
2470,0.43909925936
6369,0.34490417468
2754,0.474606070807
2501,0.33812423426
8890,0.2493264197
2093,0.57069526896
4937,0.3348607395
2850,0.36883353698
3706,0.36085291456
6645,0.670773018733
5799,0.45171882782
4229,0.594414642533
4900,0.285571399647
7883,0.303807965827
4629,0.529230065373
6459,0.60955133262
10381,0.670123901873
220,0.522253763887
761,0.423516158387
4264,0.59149175906
6633,0.48687948112
1424,0.621861259827
7017,0.339289033233
6901,0.306617548027
7126,0.289859009193
881,0.42751940966
6382,0.386741139907
7502,0.41126751922
1911,0.56046868982
3076,0.356336652747
9281,0.35525165706
1534,0.535263956533
8378,0.259347154127
4717,0.513641815467
7012,0.701825569253
9028,0.534232998787
5407,0.509528833753
274,0.440518668307
9465,0.554710515473
5164,0.402466921093
937,0.324830774213
5264,0.51643334056
8051,0.34351211916
10304,0.301174270227
2403,0.287396672093
1697,0.687655456987
8142,0.309952344047
3734,0.328783701307
8487,0.384905476253
5123,0.664858175247
8726,0.283212312113
2336,0.58144334082
7376,0.248519915347
2793,0.427576030767
1998,0.2205567627
319,0.580363136727
6783,0.303628313547
6911,0.579318180947
3078,0.679045648713
3310,0.659115979787
4790,0.651832259033
2712,0.408122635013
2968,0.667712160293
7777,0.47337266306
10442,0.40404698038
1654,0.42302169506
10438,0.364614069967
4509,0.355791328593
3963,0.34949732028
5043,0.225780613067
5421,0.660104140127
6465,0.385032333507
8034,0.598556044207
806,0.422427490593
1090,0.286536125587
1566,0.52016245418
10187,0.422987036407
2634,0.665793032907
569,0.617840043073
135,0.248227749287
3732,0.624423991773
6247,0.533952266193
10466,0.360430634353
8429,0.275734832573
6725,0.273187041313
6128,0.325084399713
8496,0.252558924633
2433,0.623146852753
5552,0.682519525147
7122,0.419895509893
376,0.167788841527
796,0.315038919753
6121,0.306325103267
8960,0.446852537347
5686,0.25373638678
2213,0.476269276387
6602,0.618796034893
3357,0.674960798853
1997,0.334807334833
691,0.387544473387
4370,0.55187397102
9660,0.56254527544
7189,0.27852159542
6660,0.346464769807
2074,0.623687176233
5375,0.617921848593
1816,0.31621461218
9802,0.6276416263
7654,0.632206595373
3784,0.508868366653
9604,0.618451321347
6397,0.5515384456
7125,0.63583296918
1460,0.574704182673
5718,0.425133141853
5452,0.432586503927
7064,0.643646831293
8272,0.64437297576
3620,0.4859322135
2772,0.373600795633
5150,0.298815187293
125,0.465884092087
1005,0.20715030912
616,0.551361899433
9056,0.27666470444
3972,0.304494579973
746,0.354878840893
10286,0.54612840814
723,0.466621070993
1283,0.371265160173
8009,0.538564459607
8509,0.26403325974
8220,0.37445287478
7393,0.666481146867
8499,0.353125276193
3789,0.229955759013
9658,0.407863223193
8171,0.39019495888
1985,0.348747926387
733,0.277436365987
6706,0.35267513184
6282,0.371108606267
7243,0.31432959188
3995,0.67772343478
4375,0.437843007547
1647,0.440509281893
9306,0.66113663696
9272,0.27529739326
9464,0.370456758187
5340,0.360591148687
5475,0.648771158487
4911,0.627391647487
9315,0.419768284813
811,0.348877199473
6395,0.361609469447
3229,0.364526684587
2250,0.46827497314
8433,0.511477181567
10428,0.34595698852
10461,0.464369768327
8408,0.570883465473
3945,0.601636813167
863,0.42718089078
4683,0.367311508687
1162,0.676798280833
9132,0.41639647224
1076,0.30621086554
7236,0.22856568774
3218,0.42072629176
6866,0.306019027293
4997,0.48314981682
9121,0.31461568874
8696,0.21201320244
3313,0.346058854733
1421,0.21857357876
80,0.337365351147
8163,0.345088775633
4583,0.479480768333
4053,0.301644640887
8693,0.420671424407
4139,0.347691206027
6976,0.29716647944
3549,0.343570940127
5534,0.312374486807
1638,0.624009979213
6375,0.673398512547
1008,0.49074551136
9120,0.65076998486
8071,0.453943699607
3266,0.678226124233
10482,0.55088834448
5288,0.293516263987
6302,0.404058676393
2183,0.372816985193
9199,0.215230588133
5441,0.29038416682
4418,0.38429807896
7287,0.426114737807
1532,0.618959327493
2978,0.436339004467
1230,0.545662492913
6423,0.60177952402
9643,0.343249368893
5142,0.30461037472
9368,0.569440308487
6132,0.552167792453
9031,0.360133177927
4767,0.46291625812
844,0.344655551553
10296,0.353548993053
9045,0.423965755747
10469,0.31545993668
9223,0.414421510667
9340,0.310752507367
1226,0.3150216063
686,0.512995750793
4037,0.526168298353
7620,0.350932625633
9322,0.593362962573
2943,0.2276898013
6549,0.37418592224
8124,0.366648039853
1803,0.63522626158
8025,0.294256855587
368,0.31081836884
3660,0.400411320573
4943,0.342633223613
9143,0.28684409706
958,0.557966738533
4272,0.366806080593
200,0.34179224348
7314,0.68292160394
7827,0.469597332913
252,0.308519275
2242,0.509554146613
2804,0.374183950947
8802,0.414588328567
7645,0.615752675627
7228,0.559884063847
9200,0.259728723327
4738,0.66153879288
4513,0.674661145467
7999,0.354475407427
3938,0.288241788813
8127,0.57874229452
9265,0.33241255594
7353,0.615483842347
4772,0.49222458952
4461,0.26464579568
1335,0.331618311793
9018,0.47215872708
10460,0.67984362508
7956,0.379502974213
1238,0.300890434493
2552,0.539918313347
6517,0.505335015993
5925,0.568029375387
7413,0.363800265
3728,0.18091877896
1103,0.607554656047
3704,0.5150575252
8413,0.431311056673
4533,0.607038556973
5449,0.626636763993
7306,0.301247677073
1401,0.632820849507
7365,0.557516407773
8363,0.273670579207
3656,0.51097624888
5683,0.568683609673
1940,0.343082407633
8674,0.383631921687
6745,0.40912744196
4431,0.6655281215
2263,0.578088305687
7506,0.656259603813
4059,0.63613178876
4588,0.306628299713
8692,0.629566371293
7258,0.62757501736
5448,0.5311673294
8865,0.2691524901
1119,0.391637730573
7642,0.580174708967
9981,0.619393309627
181,0.608705716273
7528,0.43995013326
9086,0.592352334187
4963,0.291650228627
5292,0.299413666647
1254,0.430683776447
2125,0.597741878367
5601,0.6759549581
2758,0.624396440287
1922,0.296622264133
5440,0.279344912513
3001,0.607054262887
4011,0.309529453873
8604,0.677221135347
2779,0.38418323432
1568,0.261512537053
10123,0.369917119293
9053,0.514747204953
8028,0.585207930127
82,0.590362138513
2845,0.653079242393
10221,0.510361904633
8598,0.46407678648
5011,0.51034487486
7401,0.295467342907
8687,0.31533829098
8767,0.626754649687
10046,0.37422144252
1920,0.43822458712
4364,0.624898927847
9395,0.383245084467
3602,0.32780448542
9038,0.34649318886
7786,0.307432268313
5106,0.51708348668
9337,0.33738028562
1575,0.263575226407
10291,0.41885556432
2965,0.586979333907
1478,0.182340193613
3625,0.37317297132
7329,0.62076292662
4116,0.407791588713
9136,0.364755836627
6870,0.667517089833
4073,0.597841632387
7863,0.323408571153
7437,0.21005480678
278,0.641364581
1977,0.32509449738
8570,0.460910491433
6800,0.314875479593
8964,0.30220244952
7534,0.66511825576
6539,0.54933643018
645,0.41769614448
8223,0.359858132533
610,0.3434932478
1512,0.656877296173
8340,0.610664241287
4524,0.275655960427
7465,0.33558305252
6313,0.31949375154
1873,0.343166438233
1015,0.665681617467
444,0.31897478634
4967,0.545172969387
8988,0.48242578774
3199,0.563805970287
8020,0.555093795733
6103,0.295845960047
362,0.329687620347
7325,0.574648561327
5730,0.363726299553
10448,0.641343750327
1452,0.345371374393
6669,0.44400572562
7892,0.449350039287
7859,0.662017081273
5866,0.61774405494
2970,0.55494944112
9609,0.30366900362
893,0.4372926957
4176,0.5631258029
4280,0.265927991893
3970,0.39707197822
4516,0.31263262744
7503,0.395553666967
7955,0.589554055847
9852,0.462430022247
8380,0.418661205613
9284,0.651024220993
10386,0.371351540107
4004,0.446496152327
5328,0.280063001487
9274,0.641270619787
4646,0.37333682668
396,0.654195152467
5513,0.3736727632
4117,0.357943898513
3751,0.29554002204
9767,0.4098139596
1071,0.508862694767
7812,0.575876711453
5059,0.300992383987
2667,0.361218811967
9304,0.291911464327
10385,0.384382383073
7930,0.39922972494
5225,0.290907877507
9839,0.341220647473
2831,0.37856423692
2387,0.361552493653
3433,0.482664532953
5101,0.396726120553
6357,0.681792285353
5476,0.366442209087
3807,0.560786665987
10232,0.365766158893
1508,0.47430408208
6993,0.63324107242
5505,0.346336084347
6009,0.280340486913
5301,0.619311112573
6766,0.283434383907
2248,0.351866924113
8572,0.338155372267
852,0.286328474293
7871,0.667852523567
6926,0.424777592047
10220,0.60583387932
9007,0.471799372467
6990,0.53514151402
2012,0.39146348726
5645,0.454835387927
9091,0.632033279033
3797,0.478892296607
7201,0.40297286996
672,0.63854903274
1257,0.659578359087
2010,0.219364875093
8222,0.663246684747
9636,0.37076232002
2746,0.499303836493
2919,0.632101436547
5231,0.321648703693
5625,0.38780081588
10254,0.465127511513
2651,0.39328046332
1740,0.57054686344
3212,0.42186016164
10502,0.2631261294
7139,0.38503900018
7210,0.3210225027
10049,0.463580366647
1621,0.300082044567
2301,0.34882477046
5798,0.520502488333
3812,0.479306083807
6190,0.45470401408
5503,0.360608671167
9972,0.32178076672
5646,0.18162214688
2003,0.648080615173
1069,0.315118307393
9656,0.59287785192
279,0.47389508042
4328,0.493824239267
7105,0.3668066603
1643,0.40245604536
3108,0.303223749293
3106,0.335819428847
1626,0.27257050306
9838,0.303531795327
6994,0.54370914926
3463,0.33790401308
781,0.426986935947
4337,0.295048957427
1639,0.371814629693
416,0.29685155992
7687,0.6003654115
9610,0.265432962447
2519,0.361353742167
10210,0.274201316773
8633,0.648449101247
1276,0.651866391013
4764,0.464486951573
7674,0.532641929753
6550,0.617783188733
3853,0.407943238433
341,0.217280664587
6258,0.318426818533
1884,0.4629821464
2855,0.25127422416
2196,0.25720168692
5326,0.40434224006
6380,0.256444803133
5580,0.2992888526
4563,0.284470977587
10414,0.533500084607
3226,0.518466475573
3175,0.59091901606
9457,0.35330137738
1705,0.298456010227
5910,0.394245935713
375,0.365781458893
10333,0.310604719487
3852,0.4660045064
1971,0.364276889273
8720,0.521090679487
1860,0.439421850307
10349,0.684501490013
4605,0.429396383787
7358,0.559953943613
8258,0.382778491413
5678,0.25614456004
694,0.636897790993
8482,0.373954935507
1924,0.401956232327
3716,0.611744963533
3282,0.308042096033
5746,0.355111851647
1518,0.334721964247
8741,0.285772512987
7630,0.4307512007
8276,0.324999491447
6939,0.42313938388
1435,0.505602380873
8157,0.38721066196
1041,0.3730978682
4478,0.4846044595
8307,0.361109441507
2094,0.690663106167
5916,0.473831648387
9848,0.66549950848
4803,0.475538996667
2147,0.263805408593
295,0.6657719225
861,0.339787422473
3822,0.34701557078
5609,0.623952036207
9450,0.441884538573
4122,0.360763143293
10558,0.364135051167
4285,0.350511779933
6184,0.551225546213
7295,0.31204370368
1926,0.57933412794
5026,0.271875409773
7952,0.652448846993
4194,0.374640292413
639,0.4656634304
2130,0.350165780593
3119,0.285801200853
3251,0.366872518587
5803,0.3606160576
9553,0.380659893107
5937,0.67154215432
2133,0.29187415808
693,0.289933344073
5944,0.50840351402
2227,0.55218286538
9915,0.364565346467
4044,0.417395542933
6033,0.29960715338
3270,0.558565966027
7050,0.414390374367
6185,0.4191040522
7984,0.37355876884
2109,0.5969263803
2244,0.262595170947
2481,0.30262647176
4332,0.666389801227
6016,0.35512544266
10162,0.4972669028
2453,0.319434817193
6228,0.33986735536
6166,0.298965451427
1411,0.45304203918
254,0.338632490153
7479,0.373299248807
1476,0.264441703873
7801,0.558045527953
4988,0.257540541613
4694,0.435402566033
10194,0.397345903473
2574,0.603047109767
8334,0.36375260562
419,0.34094183098
8643,0.63627026232
2548,0.397674586127
4615,0.66613634114
8772,0.4786726831
10463,0.609398785913
6756,0.32509449738
1503,0.66822738974
4095,0.369092442
1723,0.594849631793
8829,0.285886388093
10085,0.37988750292
4796,0.356512172533
9756,0.293078929373
2158,0.283594184587
7273,0.37151799886
3056,0.397740702007
656,0.38862538298
3074,0.305548518107
4661,0.569612618367
3958,0.472863625027
4311,0.366124647453
8375,0.665112966387
7442,0.360804836233
3839,0.347985507147
6179,0.189354701093
3786,0.371806849073
8520,0.575171424093
3664,0.264051220393
2014,0.552294867207
8298,0.4978653319
4220,0.27679052168
10127,0.63981946896
6182,0.41356839812
3206,0.643979100147
8503,0.63838190222
5682,0.555309802913
5699,0.371403685947
6215,0.658041814787
1394,0.269869689313
9582,0.46165321234
10070,0.665362664907
4940,0.622781144107
4193,0.302976994587
3400,0.399780491573
4785,0.3685931151
7460,0.486816806807
5838,0.475365368233
2503,0.23934791872
2730,0.53846366396
7156,0.39163787724
5511,0.581371010133
438,0.555888160253
2233,0.615821968627
2016,0.28452721944
139,0.391503499687
384,0.351031538467
2313,0.37936905946
5145,0.694257843013
7864,0.31797679414
1195,0.675484087867
5365,0.251657434387
6977,0.16215801966
10001,0.24768583754
567,0.336558472173
9950,0.617740949353
157,0.273907036167
6553,0.55833526926
7337,0.40904820192
349,0.430421989967
4874,0.474573652533
10313,0.55331377178
8421,0.411354138733
9469,0.26784263982
9314,0.6713638321
3663,0.261379886947
7216,0.350380235413
8871,0.361108934487
5743,0.5134530452
2072,0.555404296453
2654,0.203954487773
5908,0.342406046673
9863,0.36090018928
457,0.404161876967
6965,0.227875265407
3030,0.290252387473
7765,0.386375309487
748,0.282145958733
6304,0.315403962713
9606,0.392256081947
10351,0.379619152213
406,0.651168034413
8120,0.333611682433
8486,0.67231553442
6998,0.653491889487
77,0.673661974887
841,0.405535321507
7709,0.31615565722
7404,0.60530912574
5606,0.3889979079
965,0.64996975226
3163,0.319355879
10192,0.358952090873
6163,0.244288760873
9865,0.3577010001
9518,0.168144265307
1267,0.344444424673
2051,0.654409303413
2046,0.28078226668
1464,0.65606944622
2153,0.193669938353
6612,0.462238195333
4971,0.481865278947
866,0.29681150412
4124,0.43893322816
5086,0.573633167027
4351,0.398334643593
8101,0.336659907687
7912,0.370106412467
2504,0.4736989874
2837,0.264308490853
2034,0.404042708113
4844,0.59199518854
7780,0.401285909407
5901,0.309124686853
3296,0.21802995798
7299,0.479244804173
8574,0.364169797007
7472,0.656843247467
2276,0.34034733314
5980,0.354536787587
3184,0.34920260464
4359,0.48905863074
1064,0.563788245247
9039,0.238139912513
6376,0.267956210147
1706,0.425866106507
7970,0.320428346513
3540,0.61339200528
1407,0.478300245427
4561,0.392294743587
6691,0.48393411936
7172,0.350367559253
1923,0.36312393564
4407,0.400437444087
6777,0.344967076507
2600,0.400910888207
1936,0.371475446867
9778,0.26916022518
2766,0.471415981333
6668,0.5450069168
9013,0.418465568467
4319,0.23169426816
3263,0.57543595466
1612,0.6333027319
5132,0.39818129188
216,0.6424969024
7232,0.311304829467
9373,0.268337133
5030,0.458314608253
10107,0.43719200726
8309,0.6785806872
8449,0.54431641904
6961,0.409303888667
4954,0.31425537836
7344,0.463291865767
8146,0.592678098007
1132,0.47891072918
6145,0.579265498893
1353,0.53013956578
3624,0.621136527713
5058,0.645212041573
9789,0.4166202305
7290,0.3085930147
8583,0.28702144826
1088,0.66655469398
9210,0.45035039786
8240,0.287977174453
3326,0.32637139902
6315,0.444350699907
8410,0.639674035527
4535,0.369257906947
5991,0.542155563133
1874,0.440469141073
1898,0.334630432273
3557,0.667910056
8587,0.611629250087
4190,0.214938395633
7261,0.502659188653
6854,0.428011733347
9375,0.428758682393
6317,0.63824464218
7713,0.628995061147
7058,0.621650573673
7628,0.38446898606
3513,0.456839800233
7953,0.603536013047
3445,0.31611067382
8461,0.49485107114
2834,0.335056828233
3414,0.4192202753
9262,0.600826910607
9235,0.28669744712
3146,0.329502087873
3379,0.39199904738
1701,0.533296671907
5527,0.349952226187
8031,0.591233189953
4032,0.464253265047
9782,0.544583393013
7656,0.42170895874
2985,0.634836145267
9334,0.477449514953
3343,0.3489902662
4760,0.388080763047
10311,0.510364595567
2609,0.459754668453
5117,0.312765629287
6724,0.681182289013
671,0.600877287233
798,0.318836555153
2341,0.446695026427
4262,0.655239183467
1950,0.664588853767
799,0.661089458993
2575,0.641811622767
660,0.581971883467
6432,0.391125846753
3168,0.569830730853
7435,0.63201246382
4010,0.677636343793
2882,0.544157327147
5930,0.6140954294
7716,0.347262177593
4054,0.35621351808
3148,0.392225584087
670,0.3135888431
3519,0.257868164
5770,0.390257384293
8876,0.45201611102
8357,0.409173733367
1620,0.599631783973
8558,0.340292237513
6786,0.612282052433
3825,0.30932545254
5857,0.276000523407
7685,0.401894804693
3947,0.388577877407
6449,0.26206661668
8636,0.32509449738
6046,0.584199255067
3205,0.411619442653
9435,0.602393599407
6865,0.276315034193
281,0.67061304768
6922,0.2493462223
3536,0.412394118507
4555,0.219246164127
5364,0.443241898147
2483,0.50447629288
3524,0.621517990827
3117,0.346718282847
1152,0.39644796784
3912,0.372384336973
1297,0.632910136747
2896,0.246583048033
5804,0.576325156953
5722,0.442145766253
189,0.27858922986
2376,0.358525507513
4635,0.329561521847
4801,0.64428173148
5972,0.334398331827
2461,0.3475465716
1168,0.342689876553
5136,0.502357840793
7806,0.439066824313
2559,0.471707716693
2139,0.503818034713
10562,0.357819033107
1497,0.377099677673
4757,0.4525714563
1354,0.31709916618
5896,0.650728406773
6453,0.2871407286
1426,0.418539835513
4271,0.340714633067
7673,0.56734031954
7782,0.28806004994
8181,0.408683330807
1797,0.373884285773
8615,0.65934326432
3097,0.60475046746
5306,0.411930228067
9633,0.397165524773
8700,0.459485339
9876,0.554809093573
8045,0.358032114647
7750,0.326032378847
6370,0.582649334167
7093,0.4606404618
8018,0.37135501168
1118,0.314003389533
4849,0.5771917927
9627,0.333242912313
829,0.41979798896
4164,0.342284098507
1707,0.648595662107
6752,0.311246397213
6236,0.35127243136
4052,0.319339945173
5283,0.328410947187
2856,0.551942371513
4630,0.438742887107
9563,0.626652469947
6576,0.6515841664
5721,0.3459055517
4305,0.547079153027
8972,0.37329660468
1694,0.564089630527
3582,0.62309773694
3913,0.301959036427
470,0.513056410087
4195,0.32876987398
3422,0.256214066273
9744,0.375311930913
4206,0.370704370947
7971,0.52648354692
141,0.42946680412
1994,0.673525819047
1602,0.49176625602
1031,0.304307732653
9150,0.374353339673
8528,0.363623883713
7545,0.264260231967
7448,0.285605201133
1821,0.314784020767
10075,0.326614599487
5242,0.30606235498
822,0.2746294774
4826,0.220863644453
910,0.364740993867
10147,0.417933274927
2018,0.58050188864
8916,0.30783699108
4880,0.39773137162
184,0.334010776553
6081,0.53484654276
4281,0.350317497687
7418,0.67376853648
6054,0.295365821887
7972,0.444124631447
4894,0.673945098167
5313,0.445544578873
5046,0.303054078347
7183,0.394841905193
5347,0.316399450847
5051,0.517108148687
495,0.430166444307
5985,0.619960054587
1227,0.49977467538
7594,0.473842756653
6178,0.29482808506
9344,0.529252084653
3681,0.608578015307
2805,0.501611016827
8237,0.270159501427
5139,0.627279675967
2347,0.353814791213
1978,0.37990689256
7824,0.35206993162
873,0.540212287567
2569,0.417874058513
4704,0.595440672473
6974,0.411606643967
4454,0.389020314907
35,0.395263828413
8231,0.263857051233
9280,0.345459458507
6567,0.307938069487
2088,0.58776518322
925,0.654213288033
9958,0.215324572593
5234,0.339171513847
7623,0.450904536353
6074,0.30713428264
8115,0.330195055287
10462,0.57944067468
5008,0.29318109592
1256,0.394405890447
5001,0.42355604104
6885,0.30926006246
7509,0.528347633047
6251,0.599111205127
7250,0.37968371886
9502,0.448306041433
267,0.3298024741
4109,0.477788759
819,0.23949082006
9397,0.433875543047
3707,0.306898167927
870,0.586198292687
10203,0.32509449738
9241,0.46349791338
5215,0.354763660407
982,0.487687102007
3878,0.26245793236
1847,0.370550040493
10457,0.63803112708
7811,0.260338146213
6205,0.362348118993
8311,0.36502121764
7657,0.298637095993
8174,0.3396994473
2119,0.309036662973
7893,0.465063459087
7754,0.457424132247
3684,0.450092371067
3585,0.45565068948
300,0.29844048884
9176,0.631122457687
5879,0.641444634653
1457,0.605209229967
5040,0.41276287956
1862,0.294301616473
9749,0.6343898113
161,0.61127945644
6134,0.546449427613
4995,0.26741486072
54,0.313796801947
5125,0.433693097173
2032,0.40031125882
8210,0.355714370447
3816,0.268393778613
1769,0.635949953347
6156,0.469513984307
8667,0.636252600873
2974,0.30264437536
3417,0.28803791576
2835,0.43995580934
1668,0.624419290447
10028,0.372448155927
5619,0.38551427548
3169,0.445140828973
9153,0.33992765062
8746,0.635439669407
8049,0.426412249913
10564,0.508988483093
8691,0.27623718302
2765,0.55208287522
52,0.369702312547
2663,0.462190186087
3014,0.550254228873
9453,0.593871962313
8078,0.31788487662
2356,0.265211514293
7595,0.450428879453
2195,0.405613659947
7633,0.62089962562
1259,0.305806415407
5214,0.356118503687
531,0.393989387447
2398,0.375559123867
5458,0.586321846987
2794,0.4108883229
153,0.257020126653
256,0.40023848576
8787,0.291743818487
4496,0.61182909898
9649,0.384739141147
461,0.235195706727
502,0.25837564998
529,0.241155623893
5529,0.42780891938
9391,0.67535190094
1032,0.462260838193
9896,0.26266627412
5557,0.47910979098
1836,0.315214221207
3476,0.36829840422
7104,0.37092704512
5480,0.401070440593
1717,0.52880091916
1333,0.668407371493
1806,0.366087163973
8297,0.421015353047
2806,0.183419172107
3407,0.320144368727
10518,0.357014353507
6043,0.366235836113
8857,0.52358930046
8456,0.33233605566
427,0.277503508807
4028,0.528174386273
1988,0.26821817058
7354,0.279959240153
2393,0.42768368148
452,0.445521447793
5445,0.498576566373
7637,0.568434717773
5486,0.503168769207
4175,0.459497848753
6068,0.317751275993
8968,0.42147028696
9384,0.52892707908
7470,0.510183840613
9319,0.678649218567
5817,0.576721634247
10294,0.638628957787
1313,0.3576235175
10181,0.324310938773
5269,0.16655568654
127,0.297496283053
989,0.6151097391
10234,0.4144189134
4799,0.671499750727
3834,0.369503090167
9206,0.267212480533
4753,0.375149731107
4437,0.341307138287
3520,0.465460353553
10124,0.250840713347
1318,0.357046815327
2055,0.493930555233
690,0.66217776906
1294,0.30843564398
6522,0.636180050793
4453,0.335965538853
624,0.370782597347
2863,0.624334540393
4922,0.376347659147
4120,0.227035140493
8164,0.37610919482
2317,0.39685388636
6058,0.28505167174
1428,0.505312303887
3577,0.54046069414
5811,0.505234316593
1430,0.546141312873
4488,0.35617480774
9634,0.671947407013
4482,0.624318579733
4580,0.630210185667
2571,0.355925791113
10499,0.632989712187
3932,0.292291688287
377,0.635391876673
5851,0.32408943286
6384,0.65193216712
6470,0.263691401313
8505,0.21139907894
4268,0.49472277228
10397,0.362063359867
4309,0.366408022727
1949,0.449740404613
2097,0.331141972013
9709,0.408815283553
4936,0.411848703767
4033,0.391684905033
3828,0.412344636793
8862,0.183021858433
374,0.40214603396
401,0.61659895894
10015,0.63251436562
7613,0.29471028136
4397,0.662020202387
2329,0.581205910367
4733,0.509657703493
1552,0.357789149907
2486,0.632562954
940,0.43985106778
7118,0.5804490306
8060,0.524361787173
1550,0.382380247553
6202,0.291517487287
8980,0.62504710746
8162,0.636744384807
10066,0.315173605187
7981,0.494825247667
7336,0.607886102153
6277,0.47721978806
1670,0.548257286847
6007,0.500663805493
7832,0.57467669862
2612,0.346913813027
8320,0.67010069954
1779,0.660128723953
6107,0.3620679271
2537,0.529281809593
2726,0.6421867445
8717,0.491342891813
2201,0.27513326022
6276,0.390866477107
3293,0.382196809313
7907,0.582843368767
7321,0.199946196467
840,0.36352373698
1081,0.340947233333
8289,0.525541234533
343,0.431666471947
8184,0.25410905916
7166,0.642964202907
8805,0.6651939256
9407,0.34591184944
5573,0.3422467888
9330,0.65600995608
2215,0.636991021407
4105,0.36231983188
7699,0.283085381167
5850,0.322479358713
10228,0.66341938268
638,0.408027377533
5633,0.31528249782
5919,0.362299934127
4573,0.312850982313
7164,0.499247844913
5093,0.633596236333
9815,0.49399294266
8411,0.64736885908
8955,0.649623377967
9556,0.353155366447
7349,0.364648271447
8436,0.665329720953
2631,0.651343534753
2739,0.6259101695
3930,0.32509449738
6833,0.417836885347
9186,0.63299903036
3150,0.348093314453
8328,0.48622202742
4006,0.585939593447
3065,0.297216669967
3305,0.348268349133
2506,0.37326879758
9737,0.59165431354
5178,0.315035533853
9452,0.38216509252
10111,0.584338679887
1652,0.340490277247
10134,0.444818361373
7247,0.34898752594
4363,0.5769895606
1712,0.640447762747
4232,0.483350797173
5626,0.270711505653
3049,0.620941870327
5397,0.336328231813
8637,0.272234378247
8785,0.403697141627
4438,0.604763566653
1410,0.179395884233
6902,0.243858036887
187,0.34093301548
3883,0.467576336333
3988,0.487888301033
5620,0.35743482836
2904,0.274914165253
3926,0.27828840718
9020,0.224964207147
2947,0.536197200847
2364,0.512022996553
5291,0.5420585824
7078,0.18881213322
4477,0.277279744433
4333,0.58634704746
9247,0.392734180633
6957,0.330875840513
7281,0.32902489768
4012,0.365578612367
975,0.640002451713
8037,0.586798804027
10408,0.623098785507
2900,0.433655708753
6457,0.6699193574
9292,0.45702300988
2115,0.32046347738
9001,0.596840594807
8981,0.332693924873
6085,0.3546029195
49,0.345821792733
210,0.25462446994
1607,0.420142056553
5256,0.42210378072
3170,0.63900282446
147,0.537615510333
7627,0.6329070908
83,0.347365229627
3686,0.32248132172
5133,0.495192309673
935,0.144681498107
2875,0.335106663373
7277,0.360793114507
55,0.640246714693
1253,0.48640373356
3406,0.629539561187
2474,0.672194060513
8451,0.26469188864
7301,0.62185950272
8466,0.341880278407
7499,0.612519474153
4926,0.63522048232
9033,0.385193945913
3999,0.345511156353
1017,0.285736848307
947,0.525908765667
7798,0.44121333414
6280,0.322510143767
6393,0.317891162693
8056,0.356399557767
9003,0.330028578793
4481,0.176140301713
5134,0.497191191047
4804,0.422495917187
34,0.195220021613
5659,0.659874777367
4519,0.305032780733
6272,0.6808653501
765,0.390947749407
3752,0.375214633093
1753,0.4896488577
2123,0.350856940053
1802,0.321992784513
7678,0.440814018913
4547,0.359616205647
3793,0.260021999193
7453,0.408088873687
5330,0.379978021453
4093,0.630233953267
2362,0.39655011088
7116,0.21745646914
3135,0.55486096374
10536,0.31942588346
8484,0.1732780226
9002,0.33967852534
10204,0.310429417967
7570,0.34553830568
1275,0.619966729473
3630,0.347953890513
9096,0.308178525527
3475,0.275975780733
4818,0.439315173713
2019,0.358825592353
10402,0.289660811433
643,0.473003676693
9927,0.186029859413
2827,0.178357626807
288,0.418629934047
7886,0.617690957567
6584,0.5995216293
5554,0.651139488887
6329,0.32836711294
1233,0.334309339787
2541,0.32048754388
1150,0.482842690987
8459,0.642279617393
1814,0.325342200807
5564,0.42081700566
4306,0.51079186196
2144,0.27855824596
9792,0.361691144107
4634,0.400670904313
10084,0.323254126967
9847,0.328133399233
8510,0.353594372327
8921,0.385977631067
2509,0.57975309326
2111,0.515989087
7505,0.493300364767
556,0.31995726496
9596,0.679004759627
1863,0.387558568247
8172,0.26605469988
8404,0.644034975847
3607,0.460477409093
7802,0.448126457707
3503,0.376341244053
5624,0.36317380316
331,0.594216533133
542,0.665387772907
9705,0.378551996207
3592,0.310663174387
5018,0.43025372498
5800,0.649050689047
8651,0.17231293482
7600,0.20583029528
9509,0.317877707593
5431,0.381986512547
7454,0.370916520747
8106,0.309063060733
3137,0.588134909207
702,0.5061168487
6287,0.446040056327
5657,0.314801350613
8027,0.3398218357
5350,0.241670760853
30,0.50169133504
2677,0.454491725787
3898,0.199240085107
9451,0.635483877913
9949,0.35673194834
8074,0.206734882167
6618,0.5286786259
8351,0.360320998887
7861,0.573609715773
8914,0.4615833335
9820,0.368174650513
9148,0.60206142138
1334,0.3471351871
1684,0.43187076006
6414,0.45522154564
6967,0.424260742373
1726,0.381868756687
9178,0.300139111893
6642,0.344130587207
1024,0.6767636966
6437,0.37932282076
7042,0.64392522642
5319,0.3963097853
4594,0.518741660387
3702,0.635418486887
4882,0.546659212553
4243,0.408124301407
4750,0.366465654213
5735,0.5143744746
1432,0.325665851413
7576,0.607966558047
7455,0.4290012671
5563,0.304820260027
2291,0.62467134208
5386,0.341833789673
8490,0.355224322087
2357,0.278767371607
5473,0.555656342313
7091,0.61060077954
2464,0.326366920213
2801,0.632505881887
6604,0.57644210352
2122,0.4923843641
4320,0.619223780087
1841,0.45822059692
8129,0.35580440768
3149,0.379741227547
10525,0.667058709993
1869,0.395528894547
8664,0.270639853487
1941,0.396062304747
5216,0.467967241433
7993,0.260725492727
7327,0.386755252587
4076,0.376794373713
6544,0.357380124573
3300,0.210570117833
9139,0.5479178734
6761,0.627625051547
2220,0.269938078507
5661,0.363323455947
1676,0.276202661893
1572,0.583479458947
9545,0.284172369833
212,0.530773924607
2498,0.240061968487
5758,0.415018944
241,0.665224369267
7872,0.391608187147
10546,0.25289363022
9615,0.44741987882
882,0.201400185887
5753,0.35126558912
547,0.422895811
10275,0.342277566367
7686,0.481688491047
6508,0.6373664294
4296,0.60194684466
6625,0.567051307973
404,0.272390140527
1289,0.365813533067
5239,0.458375183053
10261,0.49278842332
2649,0.197921613747
9886,0.503171268693
5341,0.276048826767
869,0.45772111752
5533,0.582247287427
1560,0.624633325267
9892,0.233166082953
1933,0.21586815372
5885,0.267525953027
7833,0.317883593607
7296,0.30944679078
7373,0.447103079267
8983,0.334328917753
5842,0.373723703267
2194,0.27782311646
132,0.4900284317
2659,0.476502840427
7896,0.27173501856
7887,0.478091599973
5745,0.48104659376
2409,0.645175088847
2253,0.601307299053
1434,0.572211606693
6946,0.32035409328
6510,0.474898647813
6982,0.273792198613
8999,0.297440760573
5170,0.35518679316
10158,0.301103943847
234,0.38523160978
9034,0.559829317773
3801,0.584142536327
3887,0.450233662373
10361,0.444838998053
5385,0.662684514447
6575,0.6403844922
3560,0.304338628133
2112,0.4491008549
4307,0.550459313567
8704,0.59454519902
10476,0.478762482053
4637,0.351548052187
2953,0.657624752627
1320,0.65727225916
3264,0.38359673834
7904,0.665632515087
9144,0.64606140344
4494,0.5665888772
4819,0.578724546493
3781,0.303777950667
3459,0.43972701282
5681,0.3468260945
6507,0.43407433034
3722,0.648186354633
398,0.282745712593
9377,0.375545564633
978,0.55695795268
3104,0.668716402807
2693,0.3765726194
3803,0.57229727442
9533,0.633540148233
1173,0.58813097074
10307,0.485892027053
10326,0.318526569667
5113,0.33150281684
1116,0.477328905553
10452,0.637498306427
8013,0.2969079163
6491,0.312281053607
9906,0.64121863858
7531,0.493171230293
102,0.236658174093
5233,0.633821005427
1661,0.643985166687
8280,0.362608445773
1000,0.486657848633
3743,0.44446741324
1501,0.6134169975
3809,0.49399819222
8647,0.632313285913
1959,0.183729590707
1690,0.3249160784
5498,0.539759072967
837,0.359668798847
8788,0.653259989613
4114,0.537060130527
1413,0.595907761207
6836,0.513696607213
4240,0.32290655994
1908,0.68535932142
5750,0.317419054927
10087,0.39800949268
2680,0.493970379327
4323,0.552805967753
4439,0.595159454193
8517,0.355856025547
933,0.527415306347
33,0.60340530052
4295,0.180976747767
3258,0.460454870787
7497,0.28330796148
9276,0.313092670553
9811,0.374448469113
3833,0.29808630282
7682,0.19668734826
1748,0.270314663993
3693,0.323709142933
3608,0.575314901987
10230,0.299401556333
5468,0.303522831007
10464,0.66719850222
6932,0.29613384626
3616,0.42573884044
9603,0.505463230247
10394,0.568628370907
5509,0.557134267447
3731,0.5583619066
5827,0.41710308722
10527,0.588898860507
7004,0.641085570987
3210,0.4837087493
59,0.60948032808
2660,0.571270289873
1909,0.39663587592
8569,0.644068907373
2862,0.31799372108
5966,0.340915512613
2639,0.32531557058
6838,0.61688250096
9527,0.43414692112
5345,0.585150397307
7702,0.494941071607
3242,0.327038225447
6516,0.317411570773
10412,0.290802350587
8213,0.308756391413
2598,0.711340911293
6193,0.331310753027
9593,0.6613039876
6646,0.677149414887
5388,0.40091596656
6413,0.5063035398
1540,0.350327056687
8660,0.2915746248
2999,0.41336857876
3194,0.301584413993
9437,0.582323469387
9473,0.4385988042
877,0.27076962834
9640,0.32290655994
4434,0.4322226343
8385,0.366808158407
2542,0.2281168868
3281,0.345664949367
7820,0.40183248574
1418,0.530029811953
6079,0.395196023347
3685,0.40984886458
9361,0.262058721573
3364,0.548106372533
7495,0.500624636927
8226,0.506485895693
8043,0.419423951233
9924,0.208108152947
6018,0.287542699847
3,0.403602830887
4592,0.321605536153
10125,0.437609266613
8900,0.366352120927
7028,0.678134474653
3419,0.466408502127
5514,0.435760472447
2770,0.372776593987
5007,0.581873464267
1931,0.28296635676
9768,0.320999287047
3337,0.38957961966
703,0.35457940236
6685,0.381825924567
6064,0.3458410965
1881,0.395985382887
4842,0.38411547008
8432,0.361103180927
3569,0.38585827872
9797,0.360006955913
2829,0.296457215307
3739,0.332784510247
2128,0.5061076874
2372,0.376540717913
3354,0.34190114766
3321,0.517735187133
8532,0.698578378867
1800,0.4602646595
2560,0.328161323393
3936,0.480217682853
2588,0.406855439427
4890,0.635493696767
8912,0.691335139053
6192,0.267415948793
8658,0.352520779273
5272,0.39800547718
10404,0.488757952047
2299,0.347378476573
9419,0.229082440787
3018,0.40457603594
8642,0.477838216947
6594,0.18392913366
8852,0.38848611948
9212,0.325776654827
7081,0.468254912427
8469,0.273440732467
1372,0.293906519247
2514,0.414681066153
2311,0.32565271028
5548,0.35239423826
9024,0.395449797
10324,0.28273658894
7735,0.258539406947
1488,0.533628482453
9130,0.590423785873
2307,0.610696907687
2374,0.207844658107
10519,0.51696187422
10264,0.595916759013
9908,0.357721640913
1073,0.40880877468
118,0.593946867847
8884,0.2966634394
242,0.23765498194
6300,0.38043114432
5422,0.414222279733
899,0.427369420173
773,0.259983667247
70,0.645913688433
9249,0.320798825513
8847,0.373873887167
432,0.260284777713
468,0.576874689947
7830,0.46745369354
4642,0.543036056887
1782,0.66618875916
8683,0.355847693073
8551,0.347518345367
5224,0.360503562013
922,0.376519078747
757,0.681559684753
1101,0.281260721753
6804,0.401851136893
9266,0.666004116347
6487,0.295207760227
5627,0.372135842993
4972,0.590712793373
3596,0.610299613953
1420,0.366138323333
10209,0.360056044253
8629,0.482857343627
3147,0.674449142413
9821,0.607486486553
10377,0.315815316
456,0.357327668653
9887,0.371114760547
8864,0.428355080333
5665,0.305784793167
1764,0.25189862858
9198,0.670254254473
7536,0.361598560927
991,0.552049330333
1537,0.355951470293
3450,0.656397231087
5663,0.63906989422
4221,0.42011372484
3350,0.325985612247
943,0.260399569973
3203,0.414944869987
1144,0.3324335689
2334,0.489084849293
7074,0.5874610806
10071,0.548769675413
7540,0.594762982513
4143,0.34154329006
6643,0.339770092953
1067,0.300635073567
6356,0.565152370467
8133,0.28123381468
108,0.320219523433
308,0.32509449738
7432,0.32417356394
2652,0.625056379407
4740,0.67057248044
7048,0.331757226453
490,0.250344624913
6808,0.25098231178
7990,0.284827409433
4460,0.316188715513
6803,0.642164689453
2414,0.277022479613
8085,0.295633180067
2031,0.649649345853
8476,0.577259416047
9840,0.647004503133
2853,0.370422842213
8114,0.479187449307
6245,0.600342547333
8918,0.31934162646
2621,0.377709871307
5344,0.53947268364
3775,0.283969706187
631,0.335179326873
10481,0.314299171013
8188,0.602322671527
9830,0.565882604487
5426,0.46511146666
6688,0.432707456907
4132,0.610352453487
588,0.507046359567
5600,0.441282324247
4743,0.374578662267
8711,0.330265992447
6039,0.408093047727
4576,0.44008354424
6941,0.39666540132
10202,0.42620886508
6632,0.416952287307
1079,0.4255944625
9642,0.468012454593
5401,0.316230966547
600,0.297737368067
4873,0.307481285613
5558,0.444450793753
483,0.319805345067
10378,0.536214988153
9004,0.32437690282
2809,0.635888375173
9542,0.57900965656
3215,0.419102841487
6924,0.2822427141
7213,0.54537755562
3105,0.663774446913
9771,0.66651670392
632,0.593803676633
3232,0.4262425171
1543,0.270213554787
2164,0.563864482707
4559,0.2633419473
9530,0.393726401567
2033,0.398884921193
2842,0.230227256793
4186,0.33943501148
4078,0.299866142727
8093,0.61929803624
7286,0.495028142087
7044,0.600707178067
9234,0.35976489066
8536,0.3035665614
307,0.513430691287
4382,0.633630093573
1350,0.372576215653
4632,0.486839022787
5639,0.35940078882
6445,0.381787115433
10511,0.259447018467
8601,0.310288710893
137,0.407680739947
2298,0.620116343087
8978,0.349006816707
7218,0.207458846027
856,0.359848769193
736,0.36710506364
7719,0.275384519927
3177,0.552556640307
2564,0.615256527227
3123,0.553016561267
4827,0.370705472887
6386,0.316590737473
708,0.615016952447
1414,0.536256019013
7190,0.382839658413
10298,0.38241391752
838,0.492501135873
10145,0.62824143884
3071,0.578981620093
5329,0.449330927667
462,0.4249315336
9809,0.382700066593
7279,0.62678214042
2707,0.298069765527
3671,0.656744186687
516,0.667983514813
10395,0.345037339547
8167,0.380101503613
2138,0.426114452027
5192,0.315778396073
1377,0.277196260333
1390,0.181116488107
1244,0.273617583727
8424,0.359780652707
205,0.31624379176
9592,0.488238980293
116,0.49871263794
8306,0.31369766462
7649,0.658920890807
9560,0.48731933216
2102,0.313307423967
10490,0.467214530753
97,0.36335067702
7618,0.4054495012
9413,0.169059650147
6148,0.448496610427
7147,0.63609902948
2430,0.638929599207
7539,0.613604840373
7475,0.50147126362
7796,0.597396654787
1582,0.410898881147
8454,0.27328343128
3164,0.3267972359
2375,0.607992671047
980,0.399032910073
10233,0.350721821033
2271,0.361107937253
7843,0.31255777024
6165,0.468885391327
3449,0.5030992518
8757,0.463665477107
9757,0.6770501799
6925,0.500017312133
6191,0.459083618413
6985,0.425038413853
9064,0.279439652607
2691,0.629599482267
657,0.35786180288
858,0.259044246533
6677,0.579289157833
642,0.44285470904
2627,0.320035622187
1569,0.567259320687
3674,0.224046737633
10095,0.449695826827
7423,0.35395142868
4993,0.371383735693
4983,0.168898811267
7070,0.647664899727
700,0.6809949706
2447,0.298362718713
2380,0.635147495107
8418,0.469156801107
1288,0.346490554873
9400,0.295503494273
8530,0.233231691347
784,0.31958438542
2969,0.43464326726
892,0.63450678052
5679,0.374857265347
4650,0.37493825768
994,0.66279042586
9751,0.668460654647
9462,0.265803085553
4958,0.651761211493
506,0.544445029393
4631,0.206203705027
4321,0.279531559553
5617,0.3965520066
7571,0.58934110614
6873,0.284900397233
7964,0.316462002407
4567,0.40069175108
7429,0.628785665013
3615,0.235148878333
8744,0.289920852867
1142,0.311459975973
6189,0.202879136907
3411,0.447765908227
9133,0.356153490707
5806,0.388376062273
2385,0.323012512333
801,0.586552858907
4672,0.320985361787
6530,0.393175090153
260,0.342898500653
6624,0.43679194078
2001,0.499118925613
8403,0.47460121824
4935,0.39851981298
7264,0.62755445696
9714,0.57642251194
5903,0.511685279827
3176,0.45778017202
7441,0.626566941053
