urlid,label_title,label_url,label_all
5865,1,1,1,1
782,0,0,0,0
6962,1,1,0,0
7640,0,0,0,0
3589,0,0,1,1
6719,0,0,1,1
3905,1,0,0,0
9841,1,1,1,1
7447,0,0,0,0
4776,0,1,0,0
2879,1,0,0,0
2620,1,1,0,0
10479,0,0,0,0
1105,0,0,0,0
1849,0,0,0,0
8286,1,1,1,1
8344,1,1,1,1
10486,1,1,1,1
8661,1,1,1,1
7188,1,1,0,0
1433,1,1,1,1
677,1,1,1,1
469,1,1,1,1
6988,0,0,0,0
8024,0,0,0,0
6896,0,0,0,0
9154,0,0,0,0
342,1,1,1,1
50,0,0,0,0
983,0,0,0,0
6933,0,0,0,0
8271,0,0,0,0
5602,1,0,0,0
4505,0,0,0,0
4966,1,1,1,1
2390,0,0,0,0
6736,1,1,0,0
4660,1,1,1,1
7560,1,1,1,1
3840,0,0,0,0
5823,1,1,1,1
5789,1,1,1,1
1595,0,0,0,0
6770,1,1,1,1
3522,1,1,1,1
5584,1,1,1,1
8323,1,1,1,1
3862,1,1,1,1
373,0,0,0,0
7345,0,0,0,0
7708,1,1,1,1
1398,1,1,1,1
4298,0,0,0,0
7467,0,0,0,0
1878,1,1,1,1
1832,0,0,0,0
625,0,0,0,0
7438,0,0,0,0
9961,1,1,1,1
7117,0,0,0,0
8190,0,0,0,0
1713,1,1,1,1
949,0,1,0,0
9246,0,0,0,0
2326,0,0,0,0
8942,0,0,0,0
4458,1,1,1,1
4659,1,0,0,0
9522,0,1,0,0
2497,1,1,1,1
9836,1,1,0,0
3808,1,1,1,1
5575,1,1,1,1
5714,1,0,0,0
2490,1,1,1,1
6812,1,0,0,0
4335,0,0,0,0
10014,1,1,1,1
5889,1,1,1,1
482,0,1,1,1
8082,0,0,0,0
5856,1,1,1,1
8866,1,0,1,1
2624,1,1,1,1
1371,1,1,1,1
4436,1,1,0,0
2972,1,1,1,1
3638,1,1,1,1
6249,1,1,0,0
7602,0,0,0,0
9624,1,1,1,1
7567,0,0,0,0
6578,0,0,0,0
7590,1,1,1,1
8590,0,0,1,1
10520,1,1,1,1
1906,0,0,0,0
1373,1,0,0,0
1601,1,1,1,1
4754,0,0,0,0
8208,0,0,0,0
1658,1,1,1,1
1352,1,1,1,1
8143,1,1,1,1
7760,1,1,1,1
7836,1,1,1,1
9769,0,1,0,0
503,1,1,1,1
4909,0,0,0,0
7162,0,1,0,0
10035,1,1,1,1
1992,1,1,1,1
6133,0,1,0,0
8519,0,0,0,0
1879,1,1,0,0
7107,0,0,0,0
1225,1,1,1,1
2451,0,1,1,1
8252,0,0,0,0
9214,1,0,1,1
4850,1,1,1,1
5891,0,0,0,0
5274,0,0,0,0
8623,0,0,0,0
562,1,1,1,1
860,0,0,0,0
4199,1,1,1,1
7616,0,0,0,0
10544,1,1,0,0
1567,1,1,1,1
6552,0,0,0,0
954,0,0,0,0
111,0,0,0,0
7036,0,0,1,1
1995,1,1,1,1
7095,1,0,0,0
10180,0,1,1,1
6872,1,1,1,1
4805,1,1,1,1
355,1,1,1,1
8097,1,1,1,1
9271,1,1,1,1
431,1,1,0,0
1646,1,1,1,1
143,0,1,1,1
3436,0,0,0,0
150,1,0,0,0
9745,1,1,0,0
715,0,0,0,0
578,0,1,0,0
8684,1,1,1,1
1186,1,1,1,1
9115,1,1,1,1
9239,0,0,0,0
5461,1,1,1,1
5424,1,1,1,1
1349,1,1,1,1
609,1,1,1,1
7569,0,0,0,0
1622,0,1,0,0
6541,0,0,0,0
9873,1,1,1,1
305,0,0,0,0
6041,0,0,0,0
5360,0,1,0,0
8445,1,1,1,1
7260,0,0,0,0
4526,1,1,1,1
138,1,0,0,0
168,0,0,0,0
7888,0,1,1,1
4639,1,1,1,1
867,0,0,0,0
9673,0,0,1,1
710,1,1,0,0
4749,0,0,0,0
4716,0,0,0,0
410,1,1,1,1
2155,1,1,1,1
3289,1,1,0,0
7774,0,0,0,0
1200,0,0,0,0
9057,1,0,0,0
2261,1,0,0,0
9612,1,0,0,0
4987,1,0,1,1
3605,1,1,1,1
5068,1,1,1,1
4474,1,1,1,1
5831,1,1,1,1
4729,0,0,0,0
10060,1,0,1,1
6895,0,0,0,0
3791,1,1,1,1
7910,0,0,0,0
4209,0,0,0,0
4984,1,1,1,1
1773,1,0,0,0
2101,0,0,0,0
7251,0,0,0,0
2887,0,0,0,0
875,0,1,1,1
8185,1,0,0,0
9688,1,1,1,1
5342,0,0,0,0
6802,1,1,1,1
3077,1,0,0,0
712,0,0,0,0
3026,1,1,0,0
2640,0,0,0,0
4872,1,0,0,0
3334,1,1,1,1
2431,0,0,0,0
9218,0,0,0,0
7417,0,1,1,1
3563,1,1,1,1
1006,1,0,1,1
8940,0,0,0,0
7703,0,0,0,0
2686,0,0,0,0
8159,1,1,1,1
37,0,0,0,0
65,0,0,0,0
1910,1,1,0,0
2202,1,1,1,1
9717,1,1,1,1
2388,1,1,1,1
2365,0,0,0,0
5072,1,0,1,1
4614,0,0,0,0
6955,1,0,0,0
4094,0,0,0,0
3319,1,1,1,1
1456,1,1,1,1
5381,1,1,1,1
4479,1,1,1,1
4766,0,0,0,0
6076,1,1,1,1
8064,1,1,0,0
3416,1,1,1,1
4892,0,1,0,0
9942,1,1,1,1
9215,0,1,0,0
4506,1,1,1,1
9275,0,1,0,0
1306,1,1,1,1
6828,1,1,1,1
8368,1,1,1,1
7205,0,0,0,0
360,1,1,1,1
3386,0,0,0,0
3835,1,1,1,1
1305,0,0,0,0
7963,0,0,0,0
2073,1,1,1,1
4230,1,0,0,0
9012,0,0,0,0
2723,1,1,1,1
6788,1,1,1,1
7945,0,0,0,0
4868,1,1,1,1
6597,1,1,0,0
7323,0,0,0,0
6229,0,0,0,0
3427,0,0,1,1
7727,0,0,0,0
4707,1,1,1,1
2547,1,1,1,1
4523,1,1,1,1
9648,0,0,0,0
1084,0,0,0,0
3327,1,1,1,1
5591,0,0,0,0
186,0,0,0,0
2938,0,0,0,0
9912,1,1,1,1
6047,0,0,0,0
2417,0,1,1,1
10533,1,0,0,0
1137,1,0,0,0
1533,1,1,1,1
9233,0,0,0,0
43,0,0,0,0
8986,0,0,0,0
6000,1,1,1,1
480,0,1,0,0
2457,1,0,1,1
5362,0,0,0,0
7722,0,1,0,0
7940,1,1,1,1
6104,1,1,1,1
8853,0,0,0,0
5813,1,1,1,1
4769,0,0,0,0
2544,1,1,1,1
6379,1,0,0,0
5262,0,0,0,0
9885,0,1,0,0
10081,0,0,0,0
1315,0,0,0,0
3388,0,0,0,0
3473,1,1,1,1
2117,1,1,0,0
9411,1,1,0,0
9379,1,1,1,1
4236,0,0,0,0
2049,0,0,0,0
4786,0,0,0,0
1604,0,0,0,0
7659,0,0,0,0
8152,0,1,0,0
5417,0,0,0,0
160,0,0,0,0
6826,0,1,1,1
1815,0,0,0,0
3647,1,1,1,1
5605,0,0,0,0
3526,1,1,1,1
3854,1,1,1,1
1053,0,0,0,0
2411,0,1,0,0
6015,0,1,0,0
2089,1,1,1,1
7745,1,1,1,1
6816,1,1,1,1
3934,0,0,0,0
6547,0,1,0,0
3758,1,1,1,1
7158,0,1,1,1
1584,0,0,0,0
2982,1,0,1,1
7679,1,1,1,1
5286,1,1,1,1
3776,1,1,1,1
1235,1,1,1,1
6294,1,1,1,1
1012,1,1,1,1
10318,0,0,0,0
7134,0,1,0,0
5180,1,1,1,1
2108,0,0,0,0
3639,1,1,0,0
6729,0,0,0,0
2472,1,0,1,1
10235,0,0,1,1
190,1,1,1,1
4713,1,1,1,1
6827,1,1,0,0
6108,1,0,1,1
1114,1,1,1,1
4848,0,0,0,0
606,0,0,0,0
1573,1,1,1,1
8546,0,0,0,0
5193,0,0,0,0
2936,0,0,0,0
5104,1,1,1,1
6712,1,1,1,1
3055,0,0,0,0
74,1,1,1,1
7726,1,1,1,1
9183,0,0,0,0
162,0,0,0,0
7288,0,1,0,0
8657,1,1,1,1
1295,0,0,0,0
8207,1,0,1,1
4433,1,1,1,1
590,1,1,1,1
10549,0,1,0,0
7749,0,1,0,0
405,1,1,1,1
10267,0,1,1,1
7133,1,0,0,0
7584,0,1,1,1
6616,1,1,1,1
1719,1,1,0,0
9761,1,1,1,1
5859,0,1,0,0
5662,0,0,0,0
1736,0,0,0,0
9333,1,1,0,0
1102,0,0,0,0
2790,0,0,1,1
6598,1,1,1,1
7995,1,1,1,1
4452,1,1,1,1
159,0,0,0,0
511,0,0,1,1
7006,1,1,1,1
1123,1,1,1,1
6073,0,1,0,0
7094,0,0,0,0
10008,0,0,0,0
7573,0,0,0,0
679,1,1,0,0
6809,1,0,0,0
1108,0,0,0,0
380,1,0,0,0
204,0,0,0,0
7075,0,1,0,0
2550,0,1,1,1
9785,0,1,0,0
5036,1,1,0,0
3129,0,0,0,0
6495,1,1,1,1
880,0,0,0,0
2360,0,0,0,0
7839,0,0,0,0
350,0,0,0,0
9151,1,1,1,1
6650,1,0,0,0
7208,1,1,1,1
5840,0,1,0,0
5997,0,0,0,0
2103,1,1,1,1
713,0,0,1,1
7771,0,0,0,0
10255,0,0,0,0
3944,1,1,1,1
4250,0,0,0,0
2833,0,0,0,0
3052,0,0,0,0
7855,1,1,1,1
4152,0,0,0,0
4445,1,1,1,1
10036,1,0,1,1
9727,0,1,0,0
2234,0,0,0,0
9632,1,1,1,1
626,1,1,0,0
1644,0,0,0,0
4859,1,1,1,1
3987,0,0,0,0
5884,1,1,1,1
4112,1,1,1,1
10392,0,1,0,0
2962,0,0,0,0
21,0,1,0,0
8524,0,1,1,1
2543,1,0,0,0
663,0,0,0,0
2748,1,1,1,1
3451,1,0,0,0
964,1,1,1,1
10560,1,1,1,1
2428,0,1,0,0
4520,0,0,0,0
7660,1,0,1,1
6583,1,1,0,0
10390,0,0,0,0
688,0,0,0,0
7957,1,1,1,1
3356,1,1,1,1
1766,0,0,0,0
9128,0,0,0,0
2340,1,0,0,0
9421,1,0,0,0
7712,1,1,1,1
8200,0,0,0,0
8762,0,0,0,0
6446,1,1,0,0
5194,0,0,0,0
960,0,1,0,0
779,1,1,1,1
3584,1,0,0,0
3011,0,0,0,0
2769,1,0,0,0
1392,0,0,0,0
7254,1,1,1,1
9084,0,0,0,0
9622,0,0,0,0
3665,1,0,0,0
1609,1,0,0,0
6130,0,0,0,0
10155,0,0,0,0
7826,1,1,1,1
8300,1,0,0,0
5038,1,1,0,0
7582,1,1,1,1
9561,0,0,0,0
7430,1,1,1,1
5045,1,1,1,1
10421,0,0,0,0
5675,0,0,0,0
4687,1,1,0,0
4944,1,1,1,1
5105,1,1,1,1
148,1,0,0,0
6371,1,0,0,0
8108,0,0,0,0
4354,1,0,0,0
6077,1,1,1,1
4292,1,1,0,0
10068,0,0,1,1
5821,0,1,0,0
1042,1,1,1,1
7715,0,0,0,0
9703,0,0,0,0
2761,0,0,0,0
7002,0,1,0,0
7313,0,1,1,1
9050,0,0,0,0
5518,0,0,0,0
10556,1,1,1,1
1078,0,0,0,0
9699,1,1,0,0
10445,1,1,1,1
8748,1,1,1,1
2960,0,0,0,0
4317,0,0,0,0
939,0,0,0,0
8423,0,0,0,0
5196,0,0,0,0
8151,0,0,0,0
7199,1,1,1,1
1574,0,0,0,0
8566,0,1,0,0
7389,0,0,0,0
1177,1,1,1,1
10282,0,1,1,1
10098,1,1,1,1
4512,0,0,0,0
4055,1,1,1,1
8431,1,1,1,1
4532,0,1,0,0
10450,0,1,0,0
5754,1,1,1,1
1882,1,1,1,1
1563,1,1,1,1
4871,1,1,1,1
8440,0,0,0,0
3253,1,1,1,1
8270,1,0,0,0
4610,0,0,0,0
9619,0,0,0,0
8786,0,0,0,0
2889,1,1,1,1
9781,0,0,0,0
5061,0,1,0,0
7059,1,1,1,1
2064,1,1,1,1
1587,1,0,0,0
1934,1,1,1,1
5516,1,0,0,0
9853,0,0,0,0
7867,0,0,0,0
1556,0,0,0,0
5495,1,0,0,0
4274,0,0,0,0
8177,1,0,0,0
9491,1,1,1,1
9813,0,0,0,0
2205,0,0,0,0
2710,1,1,0,0
2992,0,0,0,0
7998,1,0,0,0
6428,1,0,1,1
6638,1,0,0,0
3035,1,1,1,1
1578,0,0,0,0
1324,1,0,1,1
2316,1,1,1,1
9326,1,0,0,0
7359,1,1,1,1
7741,1,1,1,1
5143,0,0,0,0
8196,0,1,1,1
630,0,0,0,0
8481,1,1,1,1
8497,0,0,0,0
5409,1,1,1,1
5749,1,0,0,0
8219,1,1,1,1
9571,1,1,1,1
4886,0,1,1,1
5367,0,0,0,0
1185,0,0,0,0
8291,0,0,0,0
1590,0,0,0,0
7698,1,0,0,0
51,0,0,0,0
8784,0,1,0,0
3928,0,1,0,0
5987,0,0,0,0
7008,1,1,1,1
7482,1,0,1,1
9374,0,0,0,0
1296,1,1,1,1
10289,1,1,1,1
2986,0,0,0,0
4651,0,0,0,0
8594,1,1,1,1
7469,1,1,1,1
2871,0,1,0,0
1903,1,1,1,1
8571,1,1,1,1
4832,1,1,1,1
1242,1,1,1,1
7115,1,0,0,0
3599,1,1,0,0
2065,0,0,0,0
4529,0,0,0,0
763,1,1,0,0
6698,1,1,1,1
2002,1,1,1,1
2020,1,1,1,1
5229,0,0,0,0
8243,0,0,0,0
6936,1,1,1,1
9360,1,1,1,1
4360,1,1,0,0
7951,1,1,0,0
6701,0,1,0,0
7574,1,1,1,1
2426,0,1,0,0
1681,1,1,1,1
7135,1,0,0,0
3688,0,0,0,0
3872,1,0,0,0
558,0,0,0,0
2228,0,0,1,1
8170,0,0,0,0
7171,0,0,0,0
7756,0,1,0,0
3609,0,1,0,0
3985,1,0,1,1
1139,0,1,0,0
3453,0,0,1,1
7583,1,0,0,0
9788,1,1,1,1
10175,1,1,1,1
6059,0,0,0,0
104,0,1,0,0
10168,0,0,0,0
8902,1,1,1,1
5343,1,1,1,1
4239,0,0,0,0
6767,1,1,0,0
6269,0,0,0,0
6682,0,1,0,0
9558,0,0,0,0
2416,0,1,0,0
6592,0,0,0,0
6196,0,0,0,0
2751,1,1,1,1
3412,1,1,1,1
8302,1,1,1,1
1120,1,0,1,1
8005,0,0,0,0
6637,1,1,0,0
6440,0,0,0,0
6679,1,1,1,1
8039,1,1,1,1
5357,1,1,1,1
8844,1,1,1,1
2964,0,0,0,0
6040,0,0,0,0
7259,1,1,1,1
8974,1,1,1,1
7439,0,0,0,0
1045,0,0,0,0
7706,0,0,0,0
9724,0,1,0,0
3698,0,0,0,0
7339,1,1,1,1
1749,0,0,0,0
7257,0,0,0,0
2963,1,1,1,1
7775,0,0,0,0
10501,0,0,0,0
4258,1,1,1,1
7908,1,1,1,1
722,0,1,0,0
6519,1,1,0,0
6916,0,1,0,0
4456,1,1,1,1
2731,0,0,0,0
917,1,1,1,1
4107,0,0,0,0
7894,0,1,0,0
2540,0,0,0,0
8455,1,1,1,1
10406,1,1,1,1
8909,0,0,0,0
5489,0,1,0,0
306,1,1,1,1
3894,0,0,0,0
2735,0,0,0,0
4939,1,1,0,0
1551,1,0,0,0
777,1,1,0,0
2160,1,1,1,1
8599,1,1,1,1
2727,0,0,0,0
6362,0,0,0,0
1417,1,1,1,1
10343,0,0,0,0
4866,1,1,1,1
2682,0,0,0,0
9856,0,0,0,0
4498,1,1,0,0
7450,0,1,0,0
6899,0,1,0,0
5649,1,1,1,1
6086,0,0,0,0
1618,0,0,0,0
9926,0,0,0,0
2847,0,0,0,0
8099,1,1,1,1
5724,0,1,0,0
3358,0,0,0,0
8136,0,0,0,0
955,0,0,0,0
8819,0,0,0,0
5832,1,1,1,1
10413,1,1,1,1
6548,0,0,0,0
8407,0,0,0,0
10090,1,0,0,0
8564,1,0,0,0
808,1,1,1,1
5303,0,0,0,0
8913,1,1,1,1
9425,1,1,1,1
9543,1,1,1,1
1219,1,1,1,1
9575,1,1,1,1
4019,1,0,1,1
6223,1,1,1,1
9588,0,0,0,0
4739,1,1,1,1
10492,1,1,1,1
2017,0,1,0,0
5524,1,1,1,1
7449,1,1,1,1
5734,0,0,0,0
5456,0,0,0,0
797,0,1,1,1
5525,0,0,0,0
8265,0,0,0,0
1981,1,1,1,1
8977,1,1,1,1
6241,1,1,1,1
6021,1,1,1,1
7720,1,0,0,0
8632,0,0,0,0
6705,0,0,0,0
2476,1,1,1,1
3510,0,0,0,0
8887,1,1,0,0
10115,0,0,0,0
9061,0,0,0,0
5570,0,0,0,0
2763,1,0,1,1
1437,1,1,1,1
3448,0,0,0,0
3529,0,0,0,0
3156,0,0,0,0
4604,1,1,1,1
6776,1,0,1,1
10227,0,0,1,1
1545,0,1,1,1
10487,0,0,0,0
993,0,0,0,0
1161,1,1,1,1
7975,1,1,1,1
1591,0,0,0,0
7804,1,1,1,1
5048,0,0,0,0
10454,1,1,1,1
3567,0,0,0,0
5886,1,0,0,0
9937,0,0,0,0
3931,1,1,1,1
9706,1,1,1,1
10193,1,1,1,1
5569,1,1,1,1
9747,0,0,0,0
2217,1,1,1,1
5936,0,0,0,0
3885,1,1,1,1
1086,0,0,0,0
1799,1,1,1,1
9763,1,1,1,1
3299,0,0,0,0
8268,1,1,1,1
473,0,0,0,0
337,1,1,1,1
9381,1,1,1,1
6426,1,1,0,0
1210,1,0,0,0
4986,1,1,1,1
8285,0,0,1,1
2024,1,1,1,1
245,1,1,1,1
4807,1,1,0,0
2208,0,1,1,1
9835,0,0,0,0
8963,0,0,1,1
9946,0,0,0,0
5230,0,0,0,0
2788,0,0,0,0
674,1,1,1,1
1629,1,1,1,1
2300,0,0,0,0
169,0,0,0,0
3575,1,1,1,1
6910,0,0,0,0
1479,0,0,0,0
10498,1,1,1,1
8062,1,1,1,1
9672,0,0,0,0
9467,0,1,0,0
6763,0,1,0,0
8508,0,0,0,0
1034,1,0,0,0
3756,0,0,0,0
9263,0,0,0,0
8141,0,1,0,0
532,1,0,1,1
7022,0,0,0,0
4024,0,0,0,0
3298,0,0,0,0
5641,0,1,0,0
10455,0,1,0,0
5206,1,1,1,1
7005,0,0,0,0
8971,0,0,0,0
8358,1,1,1,1
257,0,0,0,0
78,1,1,1,1
6333,1,1,1,1
7969,0,0,0,0
2505,1,0,0,0
2004,1,1,1,1
3748,0,0,1,1
5668,1,1,0,0
365,0,0,0,0
9651,0,0,0,0
2324,0,0,0,0
3902,0,0,0,0
9294,0,0,0,0
5377,1,1,0,0
2817,1,1,1,1
7670,0,0,0,0
4755,1,1,1,1
255,1,1,1,1
2714,1,1,1,1
2922,1,0,0,0
5517,1,0,1,1
5157,1,1,1,1
64,0,0,0,0
5300,1,0,0,0
451,0,0,0,0
3941,1,1,1,1
326,0,0,0,0
3757,0,0,0,0
8798,1,0,0,0
2315,1,1,1,1
6755,1,1,1,1
2916,0,0,0,0
7406,1,1,1,1
3703,1,1,1,1
5403,0,1,0,0
622,0,0,0,0
9,0,0,1,1
5848,0,0,1,1
8670,0,0,0,0
1156,0,0,0,0
10179,0,0,0,0
2028,1,1,1,1
3924,1,1,1,1
620,0,0,0,0
1963,1,1,1,1
4537,0,0,0,0
8970,1,0,0,0
3024,1,1,1,1
6140,1,1,1,1
1866,0,0,0,0
4442,1,1,1,1
2312,1,1,0,0
6749,1,1,0,0
459,1,1,1,1
1516,1,1,1,1
8817,0,0,0,0
4912,0,0,0,0
2076,0,0,0,0
10023,1,1,1,1
7684,0,0,0,0
3531,0,0,0,0
6209,1,1,1,1
10508,1,1,1,1
8678,1,1,1,1
3541,1,0,0,0
1208,1,0,1,1
4090,1,1,1,1
1097,0,0,0,0
5099,1,1,1,1
2816,1,1,0,0
4291,0,1,0,0
1409,1,1,1,1
6401,0,0,0,0
4617,1,1,1,1
6111,0,0,0,0
6172,1,1,1,1
10357,0,0,0,0
8465,1,1,1,1
3867,0,0,0,0
9495,1,1,1,1
4348,1,1,1,1
7879,0,1,0,0
9273,1,0,1,1
3252,0,0,0,0
9167,1,1,0,0
2573,0,0,0,0
7395,1,1,1,1
9046,0,0,0,0
1526,0,0,0,0
9339,0,0,0,0
10301,1,1,1,1
7588,1,1,1,1
1104,0,0,0,0
1310,0,0,0,0
6631,0,0,0,0
10475,0,0,0,0
9090,1,0,0,0
1528,0,0,0,0
1657,1,1,1,1
1175,0,0,0,0
1895,0,1,0,0
3864,0,0,0,0
4700,0,1,0,0
3572,0,0,0,0
10507,0,0,0,0
269,1,1,1,1
5744,0,1,1,1
1687,0,0,0,0
3020,0,1,0,0
4974,1,1,1,1
5119,1,1,1,1
1916,1,1,1,1
6687,1,1,1,1
2197,0,0,1,1
8641,0,0,0,0
10073,1,1,1,1
1967,0,0,0,0
4999,1,0,0,0
9816,0,0,0,0
734,1,1,1,1
9665,1,0,0,0
5092,1,1,1,1
2591,1,1,1,1
9877,1,1,1,1
4601,1,1,1,1
7734,1,0,0,0
7185,1,0,1,1
6405,1,0,1,1
7003,0,0,0,0
928,0,0,0,0
6490,1,0,0,0
1586,0,0,0,0
10139,1,1,1,1
1192,0,0,1,1
10526,0,0,0,0
5544,1,1,1,1
8779,0,0,0,0
4497,1,0,0,0
3059,1,1,1,1
2181,0,0,0,0
2303,0,0,0,0
1190,1,1,1,1
1468,0,0,0,0
8771,0,0,0,0
8997,1,1,1,1
6365,1,1,1,1
10355,0,0,0,0
3478,0,0,0,0
3764,0,0,0,0
3542,0,0,0,0
4941,0,0,0,0
1840,1,1,1,1
463,0,1,0,0
7407,0,0,0,0
7711,1,0,1,1
6044,0,0,0,0
3750,1,1,1,1
10114,0,0,0,0
1332,1,1,1,1
425,1,1,1,1
3479,1,1,1,1
1979,1,1,1,1
2994,0,1,1,1
207,0,1,0,0
5820,1,1,1,1
9187,0,1,0,0
5423,1,1,1,1
2743,0,0,0,0
2902,1,1,1,1
9126,1,1,1,1
7903,1,1,1,1
4100,1,1,1,1
3578,0,1,1,1
6061,0,0,0,0
5081,0,0,0,0
4575,1,0,0,0
6695,1,1,1,1
5960,0,0,0,0
10186,0,0,0,0
6795,1,1,0,0
10022,0,0,0,0
5841,0,0,1,1
7481,0,0,0,0
9331,1,0,0,0
400,1,1,1,1
6907,1,0,0,0
10393,0,1,1,1
3709,1,1,1,1
4726,1,1,1,1
3007,0,0,0,0
4723,0,0,0,0
597,0,0,0,0
1810,1,1,1,1
4131,0,1,0,0
4697,1,1,1,1
8838,1,1,1,1
5956,0,0,0,0
4196,1,1,1,1
63,0,1,1,1
1714,0,0,0,0
904,0,0,0,0
9715,1,1,1,1
4,1,0,0,0
5462,1,1,1,1
259,0,0,0,0
5418,0,0,0,0
6849,0,0,0,0
9893,0,0,0,0
10003,1,1,1,1
4976,0,0,0,0
7611,1,1,1,1
900,0,0,0,0
3746,1,1,0,0
3893,0,0,0,0
2966,0,0,0,0
9667,1,1,1,1
9734,0,0,0,0
8123,0,0,0,0
8470,1,1,1,1
4058,0,0,0,0
4623,1,1,1,1
3782,0,0,0,0
7966,1,1,0,0
6003,1,1,1,1
2168,1,1,1,1
422,1,1,0,0
6381,1,0,0,0
1136,1,1,1,1
3443,1,0,1,1
2214,1,0,1,1
9973,1,1,1,1
1593,1,1,0,0
5474,0,1,1,1
812,1,1,1,1
4703,0,0,0,0
4294,1,1,1,1
10021,0,1,0,0
395,0,0,0,0
3237,1,1,1,1
9099,0,0,0,0
2401,0,0,0,0
10371,0,0,0,0
3420,1,1,1,1
3460,1,1,1,1
9088,1,1,0,0
5995,1,1,1,1
3084,1,1,1,1
3595,1,0,0,0
9524,1,1,1,1
167,0,1,0,0
9743,1,1,1,1
6109,0,0,0,0
433,0,0,0,0
6292,0,0,0,0
8125,0,1,0,0
4035,0,0,0,0
2929,1,1,1,1
8810,1,1,1,1
4403,0,0,0,0
3925,1,1,1,1
1290,1,1,1,1
3689,1,1,1,1
6709,0,0,0,0
8021,0,1,1,1
6237,1,1,1,1
1453,1,0,0,0
7340,0,0,0,0
6078,1,0,1,1
2369,0,0,0,0
1781,0,0,0,0
3830,1,1,1,1
7625,0,0,0,0
8150,0,0,0,0
1680,0,0,1,1
7077,0,0,0,0
3360,1,0,1,1
7927,1,1,1,1
244,0,0,0,0
8107,1,1,1,1
820,1,1,1,1
5915,1,1,1,1
924,0,1,0,0
9207,1,1,1,1
4077,1,1,1,1
6052,1,1,1,1
508,1,1,1,1
8105,0,0,0,0
4405,0,0,0,0
7558,0,0,0,0
6094,1,1,1,1
484,1,1,1,1
8927,0,1,0,0
310,0,1,0,0
8075,1,1,1,1
1094,0,0,0,0
3211,0,0,0,0
1700,1,1,1,1
4816,0,0,0,0
9354,1,1,1,1
8845,1,0,1,1
7530,1,1,1,1
1520,0,0,0,0
1087,1,1,1,1
5786,1,1,0,0
6847,0,0,1,1
999,0,0,0,0
5308,1,1,0,0
6569,1,1,1,1
10200,0,0,0,0
5868,1,1,1,1
1757,0,0,0,0
4625,1,1,1,1
2955,1,1,1,1
6187,1,1,1,1
9931,1,1,1,1
4883,1,1,1,1
2488,1,1,1,1
156,1,0,1,1
2820,1,0,0,0
1311,1,0,0,0
1517,0,0,0,0
3640,0,0,0,0
5763,0,0,0,0
6689,1,0,0,0
1193,1,0,0,0
8217,1,1,1,1
10327,1,1,0,0
5042,0,0,0,0
6903,0,1,0,0
2068,1,1,1,1
7614,0,0,0,0
8842,0,0,0,0
2445,1,0,0,0
10276,0,1,0,0
4931,0,1,0,0
6842,0,1,0,0
5927,0,1,0,0
6207,0,0,0,0
4539,0,0,0,0
8721,0,0,0,0
3618,0,0,0,0
2580,0,0,0,0
5321,1,1,1,1
3181,0,0,0,0
4742,0,0,0,0
3340,1,1,1,1
8310,1,1,1,1
3948,1,1,0,0
2126,1,1,1,1
10436,0,1,0,0
9635,1,1,1,1
9022,0,0,0,0
8576,0,0,0,0
2522,0,0,0,0
7341,1,1,1,1
7377,1,1,1,1
7636,0,0,0,0
2536,1,1,1,1
2706,1,1,1,1
4814,0,0,0,0
6032,0,1,0,0
2630,1,0,1,1
1857,1,0,0,0
5412,1,1,1,1
1957,0,1,0,0
9805,0,0,0,0
9256,0,0,0,0
1055,1,1,1,1
8439,1,0,1,1
317,1,0,0,0
6126,0,0,0,0
9970,1,1,0,0
6008,0,0,0,0
2811,0,0,0,0
10214,0,1,0,0
10337,0,0,0,0
6563,1,0,0,0
5611,1,1,1,1
6358,0,0,1,1
8446,0,0,0,0
974,1,0,0,0
4839,0,1,0,0
4806,1,0,1,1
4597,0,0,0,0
4649,0,0,0,0
7744,1,1,1,1
5826,1,1,1,1
6118,0,0,0,0
6785,0,0,0,0
301,1,1,1,1
3192,1,1,1,1
9854,1,1,1,1
9227,1,1,1,1
4768,0,0,0,0
2961,0,0,0,0
4564,0,0,0,0
2484,0,0,0,0
1606,0,1,0,0
2864,0,0,0,0
2884,0,0,0,0
2753,0,0,0,0
4366,1,1,0,0
2470,1,1,0,0
6369,1,0,0,0
2754,0,1,0,0
2501,0,0,0,0
8890,0,0,0,0
2093,1,1,1,1
4937,1,0,0,0
2850,0,0,0,0
3706,0,0,0,0
6645,1,1,1,1
5799,0,0,1,1
4229,1,1,1,1
4900,0,0,0,0
7883,0,0,0,0
4629,1,1,1,1
6459,1,1,1,1
10381,1,1,1,1
220,1,1,1,1
761,1,1,0,0
4264,1,1,1,1
6633,0,1,1,1
1424,1,1,1,1
7017,0,1,0,0
6901,0,0,0,0
7126,0,0,0,0
881,1,0,0,0
6382,0,1,0,0
7502,1,0,1,1
1911,1,1,1,1
3076,0,0,0,0
9281,0,0,0,0
1534,1,1,1,1
8378,0,0,0,0
4717,1,1,1,1
7012,1,1,1,1
9028,1,1,1,1
5407,1,1,1,1
274,1,1,1,1
9465,0,1,1,1
5164,0,1,0,0
937,1,1,0,0
5264,1,1,1,1
8051,0,0,0,0
10304,0,0,0,0
2403,0,0,0,0
1697,1,1,1,1
8142,0,0,0,0
3734,0,0,0,0
8487,0,0,0,0
5123,1,1,1,1
8726,0,0,0,0
2336,1,1,1,1
7376,0,0,0,0
2793,0,1,0,0
1998,0,0,0,0
319,1,1,1,1
6783,0,0,0,0
6911,1,1,1,1
3078,1,1,1,1
3310,1,1,1,1
4790,1,1,1,1
2712,0,0,0,0
2968,1,1,1,1
7777,1,0,1,1
10442,0,1,0,0
1654,0,1,0,0
10438,0,1,1,1
4509,0,0,0,0
3963,0,0,0,0
5043,0,0,0,0
5421,1,1,1,1
6465,0,1,0,0
8034,1,1,1,1
806,0,0,1,1
1090,0,1,0,0
1566,1,1,0,0
10187,1,1,0,0
2634,1,1,1,1
569,1,1,1,1
135,0,0,0,0
3732,1,1,1,1
6247,1,1,1,1
10466,0,1,0,0
8429,0,0,0,0
6725,0,0,0,0
6128,0,0,0,0
8496,0,0,0,0
2433,1,1,1,1
5552,1,1,1,1
7122,1,1,0,0
376,0,0,0,0
796,1,0,0,0
6121,0,0,1,1
8960,1,1,1,1
5686,0,0,0,0
2213,0,1,1,1
6602,1,1,1,1
3357,1,1,1,1
1997,0,0,0,0
691,0,0,0,0
4370,0,1,1,1
9660,1,1,1,1
7189,0,0,0,0
6660,0,0,0,0
2074,1,1,1,1
5375,1,1,1,1
1816,0,0,0,0
9802,1,1,1,1
7654,1,1,1,1
3784,1,1,1,1
9604,1,1,1,1
6397,1,1,1,1
7125,1,1,1,1
1460,1,1,1,1
5718,0,0,1,1
5452,1,0,1,1
7064,1,1,1,1
8272,1,1,1,1
3620,1,1,1,1
2772,1,1,0,0
5150,0,0,0,0
125,1,0,0,0
1005,0,0,0,0
616,1,1,1,1
9056,0,0,0,0
3972,0,0,0,0
746,0,0,0,0
10286,1,1,1,1
723,1,0,1,1
1283,0,1,0,0
8009,1,1,1,1
8509,0,0,0,0
8220,1,1,1,1
7393,1,1,1,1
8499,0,0,0,0
3789,0,0,0,0
9658,0,0,0,0
8171,0,1,0,0
1985,0,0,1,1
733,0,0,0,0
6706,1,0,0,0
6282,0,0,0,0
7243,1,1,0,0
3995,1,1,1,1
4375,1,1,1,1
1647,1,1,0,0
9306,1,1,1,1
9272,0,0,0,0
9464,0,1,0,0
5340,0,0,0,0
5475,1,1,1,1
4911,1,1,1,1
9315,0,0,1,1
811,1,0,0,0
6395,1,1,1,1
3229,0,0,0,0
2250,1,1,1,1
8433,1,1,1,1
10428,0,0,0,0
10461,1,1,0,0
8408,1,1,1,1
3945,1,1,1,1
863,0,1,1,1
4683,1,0,0,0
1162,1,1,1,1
9132,1,1,1,1
1076,0,0,0,0
7236,0,0,0,0
3218,1,1,0,0
6866,0,0,0,0
4997,1,0,1,1
9121,0,0,0,0
8696,0,0,0,0
3313,1,0,0,0
1421,1,0,0,0
80,1,1,0,0
8163,1,1,0,0
4583,1,1,1,1
4053,0,0,0,0
8693,0,0,0,0
4139,0,0,0,0
6976,0,1,0,0
3549,0,0,1,1
5534,0,0,0,0
1638,1,1,1,1
6375,1,1,1,1
1008,1,1,1,1
9120,1,1,1,1
8071,0,0,0,0
3266,1,1,1,1
10482,1,1,1,1
5288,0,0,0,0
6302,1,1,0,0
2183,0,0,0,0
9199,0,0,0,0
5441,0,0,0,0
4418,0,0,0,0
7287,1,1,1,1
1532,1,1,1,1
2978,0,1,0,0
1230,1,1,0,0
6423,1,1,1,1
9643,0,0,0,0
5142,0,1,0,0
9368,1,1,1,1
6132,1,1,1,1
9031,0,0,1,1
4767,0,1,1,1
844,1,0,0,0
10296,0,0,0,0
9045,1,0,0,0
10469,1,0,0,0
9223,1,1,0,0
9340,0,0,0,0
1226,0,0,0,0
686,1,1,1,1
4037,1,1,1,1
7620,1,0,0,0
9322,1,1,1,1
2943,0,0,0,0
6549,1,0,0,0
8124,0,0,0,0
1803,1,1,1,1
8025,0,0,0,0
368,0,0,0,0
3660,0,0,0,0
4943,0,0,0,0
9143,0,0,0,0
958,1,1,1,1
4272,1,0,0,0
200,0,1,0,0
7314,1,1,1,1
7827,0,1,0,0
252,1,0,0,0
2242,0,1,1,1
2804,0,0,0,0
8802,0,0,0,0
7645,1,1,1,1
7228,1,1,1,1
9200,0,0,0,0
4738,1,1,1,1
4513,1,1,1,1
7999,0,0,0,0
3938,0,0,0,0
8127,1,1,1,1
9265,1,0,0,0
7353,1,1,1,1
4772,0,1,1,1
4461,0,0,0,0
1335,1,0,0,0
9018,1,1,1,1
10460,1,1,1,1
7956,0,0,0,0
1238,0,0,0,0
2552,1,1,1,1
6517,1,0,1,1
5925,1,1,1,1
7413,0,0,0,0
3728,0,0,0,0
1103,1,1,1,1
3704,1,1,1,1
8413,0,0,1,1
4533,1,0,1,1
5449,1,1,1,1
7306,0,0,0,0
1401,1,1,1,1
7365,1,1,1,1
8363,0,0,0,0
3656,1,1,1,1
5683,1,1,1,1
1940,0,1,0,0
8674,0,1,0,0
6745,0,1,0,0
4431,1,1,1,1
2263,1,1,1,1
7506,1,1,1,1
4059,1,1,1,1
4588,0,0,0,0
8692,1,1,1,1
7258,1,1,1,1
5448,0,0,1,1
8865,1,0,0,0
1119,0,0,0,0
7642,1,1,1,1
9981,1,1,1,1
181,1,1,1,1
7528,0,1,1,1
9086,1,1,1,1
4963,0,0,0,0
5292,0,0,0,0
1254,1,1,0,0
2125,1,1,1,1
5601,1,1,1,1
2758,1,1,1,1
1922,0,0,1,1
5440,0,0,0,0
3001,1,1,1,1
4011,0,0,0,0
8604,1,1,1,1
2779,0,1,0,0
1568,0,0,0,0
10123,0,0,0,0
9053,0,1,0,0
8028,1,1,1,1
82,1,1,0,0
2845,1,1,1,1
10221,1,1,1,1
8598,1,1,1,1
5011,1,1,1,1
7401,0,1,0,0
8687,0,0,0,0
8767,1,1,1,1
10046,1,1,0,0
1920,1,1,0,0
4364,1,1,1,1
9395,1,0,0,0
3602,1,0,0,0
9038,0,0,0,0
7786,0,0,0,0
5106,1,1,1,1
9337,0,0,0,0
1575,0,0,0,0
10291,1,1,0,0
2965,1,1,1,1
1478,0,0,0,0
3625,0,0,0,0
7329,1,1,1,1
4116,0,0,1,1
9136,0,0,0,0
6870,1,1,1,1
4073,1,1,1,1
7863,0,0,0,0
7437,0,0,0,0
278,1,1,1,1
1977,1,1,0,0
8570,1,1,1,1
6800,0,1,0,0
8964,0,0,0,0
7534,1,1,1,1
6539,1,1,1,1
645,1,1,1,1
8223,1,0,0,0
610,0,0,0,0
1512,1,1,1,1
8340,1,1,1,1
4524,0,0,0,0
7465,0,0,0,0
6313,1,0,0,0
1873,0,0,0,0
1015,1,1,1,1
444,0,0,0,0
4967,1,1,1,1
8988,1,1,1,1
3199,1,1,1,1
8020,1,1,1,1
6103,0,0,0,0
362,0,0,0,0
7325,1,1,1,1
5730,0,0,0,0
10448,1,1,1,1
1452,0,0,0,0
6669,1,1,1,1
7892,1,1,0,0
7859,1,1,1,1
5866,1,1,1,1
2970,1,1,1,1
9609,0,1,0,0
893,0,1,0,0
4176,1,1,1,1
4280,0,0,0,0
3970,0,0,0,0
4516,0,0,0,0
7503,1,1,1,1
7955,1,0,1,1
9852,0,1,1,1
8380,1,1,1,1
9284,1,1,1,1
10386,0,0,0,0
4004,0,0,1,1
5328,0,0,0,0
9274,1,1,1,1
4646,1,0,1,1
396,1,1,1,1
5513,0,0,0,0
4117,0,1,0,0
3751,0,0,0,0
9767,1,1,0,0
1071,0,1,1,1
7812,1,1,1,1
5059,0,0,0,0
2667,0,0,0,0
9304,0,0,0,0
10385,0,0,0,0
7930,0,1,0,0
5225,0,0,0,0
9839,0,0,0,0
2831,0,0,0,0
2387,0,0,0,0
3433,1,1,1,1
5101,0,0,0,0
6357,1,1,1,1
5476,0,0,0,0
3807,1,1,1,1
10232,0,0,0,0
1508,1,1,1,1
6993,1,1,1,1
5505,0,1,0,0
6009,0,0,0,0
5301,1,1,1,1
6766,0,0,0,0
2248,0,0,1,1
8572,1,0,0,0
852,1,0,0,0
7871,1,1,1,1
6926,1,1,1,1
10220,1,1,1,1
9007,1,0,1,1
6990,1,1,1,1
2012,0,0,1,1
5645,1,1,0,0
9091,1,1,1,1
3797,1,1,0,0
7201,0,0,0,0
672,1,1,1,1
1257,1,1,1,1
2010,0,0,0,0
8222,1,1,1,1
9636,0,1,0,0
2746,1,1,1,1
2919,1,1,1,1
5231,1,0,0,0
5625,1,0,0,0
10254,1,1,0,0
2651,0,0,0,0
1740,1,1,1,1
3212,1,0,1,1
10502,0,0,0,0
7139,0,0,0,0
7210,1,0,0,0
10049,1,1,1,1
1621,0,0,0,0
2301,0,0,0,0
5798,1,1,1,1
3812,1,1,1,1
6190,1,0,1,1
5503,0,0,0,0
9972,0,0,0,0
5646,0,0,0,0
2003,1,1,1,1
1069,0,0,0,0
9656,1,1,1,1
279,1,1,1,1
4328,1,1,1,1
7105,0,0,0,0
1643,1,1,0,0
3108,0,0,0,0
3106,0,0,0,0
1626,0,0,0,0
9838,0,0,0,0
6994,1,1,1,1
3463,0,0,0,0
781,0,1,0,0
4337,0,0,0,0
1639,0,0,0,0
416,1,0,0,0
7687,1,1,1,1
9610,0,0,0,0
2519,0,0,0,0
10210,1,0,0,0
8633,1,1,1,1
1276,1,1,1,1
4764,1,1,0,0
7674,1,1,1,1
6550,1,1,1,1
3853,1,1,1,1
341,0,0,0,0
6258,0,0,0,0
1884,1,0,1,1
2855,0,0,0,0
2196,0,0,0,0
5326,0,1,1,1
6380,0,0,0,0
5580,0,0,0,0
4563,0,0,0,0
10414,1,1,1,1
3226,1,1,1,1
3175,1,1,1,1
9457,0,0,0,0
1705,0,0,0,0
5910,0,0,0,0
375,1,1,0,0
10333,0,0,0,0
3852,0,1,0,0
1971,1,0,0,0
8720,1,1,1,1
1860,0,1,0,0
10349,1,1,1,1
4605,0,0,0,0
7358,1,1,1,1
8258,1,1,0,0
5678,0,0,0,0
694,1,1,1,1
8482,0,0,0,0
1924,1,0,0,0
3716,1,1,1,1
3282,0,1,0,0
5746,0,1,0,0
1518,0,0,0,0
8741,0,0,0,0
7630,0,0,0,0
8276,0,0,0,0
6939,1,1,0,0
1435,1,1,1,1
8157,0,0,0,0
1041,0,1,0,0
4478,0,1,1,1
8307,0,0,0,0
2094,1,1,1,1
5916,1,1,1,1
9848,1,1,1,1
4803,1,1,0,0
2147,0,0,0,0
295,1,1,1,1
861,0,0,0,0
3822,1,1,0,0
5609,1,1,1,1
9450,1,0,0,0
4122,0,0,0,0
10558,0,0,0,0
4285,0,0,0,0
6184,1,1,1,1
7295,0,0,0,0
1926,1,1,1,1
5026,0,1,0,0
7952,1,1,1,1
4194,0,0,0,0
639,0,1,1,1
2130,0,0,0,0
3119,0,1,0,0
3251,0,0,0,0
5803,0,0,0,0
9553,0,1,1,1
5937,1,1,1,1
2133,1,0,0,0
693,0,0,0,0
5944,1,1,1,1
2227,1,1,1,1
9915,0,0,0,0
4044,0,0,1,1
6033,0,0,0,0
3270,1,1,1,1
7050,1,0,0,0
6185,1,1,1,1
7984,0,0,0,0
2109,1,1,1,1
2244,1,0,0,0
2481,0,0,0,0
4332,1,1,1,1
6016,1,1,0,0
10162,0,1,1,1
2453,1,0,1,1
6228,0,0,0,0
6166,0,0,0,0
1411,1,1,1,1
254,1,1,1,1
7479,0,1,0,0
1476,0,0,0,0
7801,1,1,1,1
4988,0,0,0,0
4694,0,1,0,0
10194,0,0,1,1
2574,1,1,1,1
8334,1,1,0,0
419,1,0,0,0
8643,1,1,1,1
2548,0,0,0,0
4615,1,1,1,1
8772,0,1,0,0
10463,1,1,1,1
6756,1,0,0,0
1503,1,1,1,1
4095,0,1,0,0
1723,1,1,1,1
8829,0,0,0,0
10085,0,0,0,0
4796,1,0,0,0
9756,0,0,0,0
2158,0,0,0,0
7273,0,0,0,0
3056,0,0,0,0
656,0,0,1,1
3074,0,0,0,0
4661,1,1,1,1
3958,1,1,0,0
4311,0,0,0,0
8375,1,1,1,1
7442,1,1,0,0
3839,1,0,0,0
6179,0,0,0,0
3786,1,1,0,0
8520,1,1,1,1
3664,0,0,0,0
2014,1,1,1,1
8298,1,1,0,0
4220,0,0,0,0
10127,1,1,1,1
6182,1,0,0,0
3206,1,1,1,1
8503,1,1,1,1
5682,1,1,1,1
5699,0,0,0,0
6215,1,1,1,1
1394,0,0,0,0
9582,1,1,1,1
10070,1,1,1,1
4940,1,1,1,1
4193,0,0,0,0
3400,1,1,1,1
4785,0,1,0,0
7460,1,1,1,1
5838,1,1,0,0
2503,0,0,0,0
2730,1,1,1,1
7156,0,0,0,0
5511,1,1,1,1
438,1,1,1,1
2233,1,1,1,1
2016,0,0,0,0
139,0,0,1,1
384,0,0,0,0
2313,1,0,0,0
5145,1,1,1,1
7864,0,0,0,0
1195,1,1,1,1
5365,0,0,0,0
6977,0,0,0,0
10001,0,1,1,1
567,0,0,0,0
9950,1,1,1,1
157,0,0,0,0
6553,1,1,1,1
7337,0,0,0,0
349,0,1,0,0
4874,1,1,0,0
10313,1,1,1,1
8421,1,1,0,0
9469,0,0,0,0
9314,1,1,1,1
3663,0,0,0,0
7216,0,0,0,0
8871,0,0,0,0
5743,1,1,1,1
2072,1,1,1,1
2654,0,0,0,0
5908,1,0,0,0
9863,0,0,0,0
457,1,0,0,0
6965,0,0,0,0
3030,0,0,0,0
7765,0,0,0,0
748,0,0,0,0
6304,0,1,0,0
9606,1,0,0,0
10351,0,0,0,0
406,1,1,1,1
8120,0,0,0,0
8486,1,1,1,1
6998,1,1,1,1
77,1,1,1,1
841,1,0,0,0
7709,0,0,0,0
7404,1,1,1,1
5606,1,1,0,0
965,1,1,1,1
3163,1,0,0,0
10192,0,0,0,0
6163,0,0,0,0
9865,0,1,0,0
9518,0,0,0,0
1267,0,1,0,0
2051,1,1,1,1
2046,0,0,0,0
1464,1,1,1,1
2153,0,0,0,0
6612,0,1,0,0
4971,0,1,0,0
866,0,0,0,0
4124,0,1,0,0
5086,1,1,1,1
4351,0,0,0,0
8101,0,0,0,0
7912,0,0,0,0
2504,1,0,1,1
2837,0,0,0,0
2034,1,1,1,1
4844,1,1,1,1
7780,0,0,0,0
5901,0,0,0,0
3296,1,0,0,0
7299,0,0,1,1
8574,0,1,0,0
7472,1,1,1,1
2276,0,1,0,0
5980,0,0,0,0
3184,0,0,0,0
4359,1,1,1,1
1064,1,1,1,1
9039,0,0,0,0
6376,0,0,0,0
1706,0,1,1,1
7970,0,0,0,0
3540,1,1,1,1
1407,1,1,0,0
4561,0,0,0,0
6691,0,0,1,1
7172,0,0,0,0
1923,1,1,0,0
4407,0,1,1,1
6777,0,0,0,0
2600,0,0,0,0
1936,0,0,0,0
9778,0,0,0,0
2766,1,1,1,1
6668,1,1,1,1
9013,1,0,0,0
4319,0,0,0,0
3263,1,1,1,1
1612,1,1,1,1
5132,0,0,0,0
216,1,1,1,1
7232,1,0,0,0
9373,0,0,0,0
5030,1,1,1,1
10107,1,1,1,1
8309,1,1,1,1
8449,1,1,1,1
6961,1,0,0,0
4954,0,0,0,0
7344,0,1,1,1
8146,1,1,1,1
1132,1,1,1,1
6145,1,1,1,1
1353,1,1,1,1
3624,1,1,1,1
5058,1,1,1,1
9789,1,1,0,0
7290,0,0,0,0
8583,1,0,0,0
1088,1,1,1,1
9210,1,1,1,1
8240,0,0,0,0
3326,0,0,0,0
6315,0,0,1,1
8410,1,1,1,1
4535,1,0,0,0
5991,1,1,0,0
1874,0,1,0,0
1898,0,0,0,0
3557,1,1,1,1
8587,1,1,1,1
4190,0,0,0,0
7261,1,1,1,1
6854,0,0,0,0
9375,1,1,0,0
6317,1,1,1,1
7713,1,1,1,1
7058,1,1,1,1
7628,0,0,1,1
3513,1,1,0,0
7953,1,1,1,1
3445,0,0,0,0
8461,1,0,0,0
2834,0,1,0,0
3414,1,1,0,0
9262,1,1,1,1
9235,0,0,0,0
3146,1,0,0,0
3379,0,0,0,0
1701,1,1,1,1
5527,0,0,0,0
8031,1,1,1,1
4032,0,0,1,1
9782,1,1,1,1
7656,1,0,1,1
2985,1,1,1,1
9334,1,0,1,1
3343,0,0,0,0
4760,0,0,0,0
10311,1,1,1,1
2609,0,1,1,1
5117,0,0,0,0
6724,1,1,1,1
671,0,1,1,1
798,1,0,0,0
2341,0,1,0,0
4262,1,1,1,1
1950,1,1,1,1
799,1,1,1,1
2575,1,1,1,1
660,1,1,1,1
6432,1,1,1,1
3168,1,1,1,1
7435,1,1,1,1
4010,1,1,1,1
2882,1,1,1,1
5930,1,1,1,1
7716,0,1,0,0
4054,0,0,0,0
3148,0,0,0,0
670,0,0,0,0
3519,0,0,0,0
5770,0,0,0,0
8876,1,0,1,1
8357,1,1,1,1
1620,1,1,1,1
8558,0,0,0,0
6786,1,1,1,1
3825,1,0,0,0
5857,0,0,0,0
7685,1,0,0,0
3947,0,0,0,0
6449,0,1,0,0
8636,1,1,0,0
6046,1,1,1,1
3205,1,1,1,1
9435,1,1,1,1
6865,0,1,0,0
281,1,1,1,1
6922,0,0,0,0
3536,0,0,0,0
4555,0,0,0,0
5364,1,1,1,1
2483,1,1,1,1
3524,1,1,1,1
3117,0,0,0,0
1152,0,0,0,0
3912,0,0,0,0
1297,1,1,1,1
2896,0,0,0,0
5804,1,1,1,1
5722,1,0,1,1
189,0,0,0,0
2376,1,1,0,0
4635,0,1,0,0
4801,1,1,1,1
5972,0,0,0,0
2461,0,0,0,0
1168,0,0,0,0
5136,1,1,1,1
7806,0,1,1,1
2559,0,1,1,1
2139,1,1,0,0
10562,0,0,0,0
1497,0,1,0,0
4757,1,1,1,1
1354,0,0,0,0
5896,1,1,1,1
6453,0,0,0,0
1426,0,0,0,0
4271,0,0,0,0
7673,1,1,1,1
7782,0,0,0,0
8181,1,0,0,0
1797,0,0,0,0
8615,1,1,1,1
3097,1,1,1,1
5306,1,0,0,0
9633,0,1,0,0
8700,1,1,0,0
9876,1,1,1,1
8045,1,0,0,0
7750,0,0,0,0
6370,1,1,1,1
7093,1,0,0,0
8018,0,0,0,0
1118,1,0,0,0
4849,1,1,1,1
9627,0,1,0,0
829,0,0,0,0
4164,0,0,0,0
1707,1,1,1,1
6752,0,0,0,0
6236,0,0,0,0
4052,0,0,0,0
5283,1,0,0,0
2856,1,1,1,1
4630,0,0,1,1
9563,1,1,1,1
6576,1,1,1,1
5721,0,0,0,0
4305,1,1,1,1
8972,0,1,0,0
1694,1,1,1,1
3582,1,1,1,1
3913,0,0,0,0
470,1,1,0,0
4195,0,1,0,0
3422,0,0,0,0
9744,1,1,0,0
4206,0,1,0,0
7971,1,1,1,1
141,1,0,0,0
1994,1,1,1,1
1602,1,1,1,1
1031,0,0,0,0
9150,0,0,0,0
8528,0,1,0,0
7545,0,0,0,0
7448,0,0,0,0
1821,0,0,0,0
10075,0,0,0,0
5242,0,0,0,0
822,0,0,0,0
4826,0,0,0,0
910,1,1,0,0
10147,1,1,1,1
2018,1,1,1,1
8916,0,0,0,0
4880,1,0,0,0
184,0,0,0,0
6081,1,1,1,1
4281,0,0,0,0
7418,1,1,1,1
6054,0,0,0,0
7972,1,1,0,0
4894,1,1,1,1
5313,1,1,1,1
5046,0,0,0,0
7183,1,1,0,0
5347,0,0,0,0
5051,1,1,1,1
495,1,1,1,1
5985,1,1,1,1
1227,1,1,1,1
7594,1,0,1,1
6178,0,0,0,0
9344,1,1,1,1
3681,1,1,1,1
2805,1,1,1,1
8237,0,0,0,0
5139,1,1,1,1
2347,0,0,0,0
1978,0,0,0,0
7824,1,1,1,1
873,1,1,1,1
2569,1,0,0,0
4704,1,1,1,1
6974,0,0,1,1
4454,0,1,0,0
35,0,1,0,0
8231,0,0,0,0
9280,0,0,0,0
6567,0,0,0,0
2088,1,1,1,1
925,1,1,1,1
9958,0,0,0,0
5234,0,0,0,0
7623,1,1,1,1
6074,0,0,0,0
8115,0,0,0,0
10462,1,1,1,1
5008,0,0,0,0
1256,0,0,0,0
5001,0,0,0,0
6885,0,0,0,0
7509,1,1,1,1
6251,1,1,1,1
7250,0,0,1,1
9502,0,1,1,1
267,0,1,0,0
4109,1,1,1,1
819,0,0,0,0
9397,0,1,1,1
3707,0,0,0,0
870,1,1,1,1
10203,1,1,0,0
9241,1,0,1,1
5215,1,0,0,0
982,1,1,1,1
3878,0,0,0,0
1847,1,0,0,0
10457,1,1,1,1
7811,1,0,0,0
6205,0,0,0,0
8311,0,0,0,0
7657,0,0,0,0
8174,1,0,0,0
2119,0,0,0,0
7893,1,1,1,1
7754,1,0,1,1
3684,1,1,0,0
3585,1,0,1,1
300,0,0,0,0
9176,1,1,1,1
5879,1,1,1,1
1457,1,1,1,1
5040,0,1,0,0
1862,0,0,0,0
9749,1,1,1,1
161,1,1,1,1
6134,1,1,1,1
4995,0,0,0,0
54,0,0,0,0
5125,1,1,0,0
2032,0,0,0,0
8210,0,0,0,0
3816,0,0,0,0
1769,1,1,1,1
6156,0,1,1,1
8667,1,1,1,1
2974,0,0,0,0
3417,0,1,0,0
2835,0,0,0,0
1668,1,1,1,1
10028,0,0,0,0
5619,0,0,0,0
3169,0,0,1,1
9153,1,1,0,0
8746,1,1,1,1
8049,1,1,1,1
10564,1,1,1,1
8691,0,0,0,0
2765,1,1,1,1
52,0,0,0,0
2663,1,1,0,0
3014,1,1,1,1
9453,1,1,1,1
8078,0,0,0,0
2356,0,0,0,0
7595,1,1,1,1
2195,1,1,1,1
7633,1,1,1,1
1259,0,0,0,0
5214,0,1,0,0
531,1,0,0,0
2398,0,1,0,0
5458,1,1,1,1
2794,1,1,0,0
153,0,0,0,0
256,1,0,1,1
8787,0,0,0,0
4496,1,1,1,1
9649,0,0,0,0
461,0,0,0,0
502,0,0,0,0
529,0,0,0,0
5529,0,1,0,0
9391,1,1,1,1
1032,1,1,1,1
9896,0,0,0,0
5557,1,1,1,1
1836,0,0,0,0
3476,0,0,0,0
7104,0,0,0,0
5480,0,0,0,0
1717,1,1,1,1
1333,1,1,1,1
1806,0,0,0,0
8297,0,1,0,0
2806,0,0,0,0
3407,1,0,0,0
10518,0,0,0,0
6043,1,0,0,0
8857,1,1,1,1
8456,0,0,0,0
427,0,0,0,0
4028,1,1,1,1
1988,0,0,0,0
7354,0,0,0,0
2393,1,1,0,0
452,1,0,0,0
5445,1,1,1,1
7637,1,1,1,1
5486,1,1,1,1
4175,1,0,0,0
6068,0,0,0,0
8968,0,1,0,0
9384,1,1,1,1
7470,1,1,0,0
9319,1,1,1,1
5817,1,1,1,1
10294,1,1,1,1
1313,0,1,0,0
10181,0,0,0,0
5269,0,0,0,0
127,0,0,0,0
989,1,1,1,1
10234,1,1,0,0
4799,1,1,1,1
3834,0,0,0,0
9206,0,0,0,0
4753,0,0,0,0
4437,1,0,0,0
3520,1,1,1,1
10124,0,0,0,0
1318,0,0,0,0
2055,1,1,0,0
690,1,1,1,1
1294,0,0,0,0
6522,1,1,1,1
4453,1,0,0,0
624,0,0,0,0
2863,1,1,1,1
4922,1,0,0,0
4120,0,0,0,0
8164,0,0,0,0
2317,0,0,0,0
6058,0,0,0,0
1428,1,1,1,1
3577,1,1,1,1
5811,1,1,1,1
1430,1,1,1,1
4488,0,0,0,0
9634,1,1,1,1
4482,1,1,1,1
4580,1,1,1,1
2571,0,1,0,0
10499,1,1,1,1
3932,0,0,0,0
377,1,1,1,1
5851,0,0,0,0
6384,1,1,1,1
6470,0,0,0,0
8505,0,0,0,0
4268,1,1,1,1
10397,0,1,0,0
4309,0,0,0,0
1949,1,1,1,1
2097,0,0,0,0
9709,1,1,0,0
4936,0,1,0,0
4033,1,0,0,0
3828,1,1,1,1
8862,0,0,0,0
374,0,0,1,1
401,1,1,1,1
10015,1,1,1,1
7613,0,0,0,0
4397,1,1,1,1
2329,1,1,1,1
4733,1,1,1,1
1552,1,0,0,0
2486,1,1,1,1
940,0,0,0,0
7118,1,1,1,1
8060,1,1,1,1
1550,0,0,0,0
6202,0,0,0,0
8980,1,1,1,1
8162,1,1,1,1
10066,0,0,0,0
7981,0,0,0,0
7336,1,1,1,1
6277,1,1,1,1
1670,1,1,1,1
6007,0,0,0,0
7832,1,1,1,1
2612,0,0,0,0
8320,1,1,1,1
1779,1,1,1,1
6107,0,0,0,0
2537,1,1,1,1
2726,1,1,1,1
8717,1,1,1,1
2201,0,0,0,0
6276,0,0,0,0
3293,0,0,0,0
7907,1,1,1,1
7321,0,0,0,0
840,0,1,0,0
1081,0,0,0,0
8289,1,0,1,1
343,1,0,0,0
8184,0,1,0,0
7166,1,1,1,1
8805,1,1,1,1
9407,1,0,0,0
5573,0,0,0,0
9330,1,1,1,1
2215,1,1,1,1
4105,0,0,0,0
7699,0,0,0,0
5850,0,0,0,0
10228,1,1,1,1
638,1,0,1,1
5633,0,0,0,0
5919,0,0,0,0
4573,1,0,0,0
7164,1,1,0,0
5093,1,1,1,1
9815,0,1,1,1
8411,1,1,1,1
8955,1,1,1,1
9556,1,0,0,0
7349,1,0,0,0
8436,1,1,1,1
2631,1,1,1,1
2739,1,1,1,1
3930,1,1,0,0
6833,1,1,0,0
9186,1,1,1,1
3150,0,0,0,0
8328,0,1,1,1
4006,1,1,1,1
3065,0,0,0,0
3305,0,0,0,0
2506,0,1,0,0
9737,1,1,1,1
5178,0,0,0,0
9452,1,1,0,0
10111,1,1,1,1
1652,0,0,0,0
10134,1,1,1,1
7247,0,0,0,0
4363,1,1,1,1
1712,1,1,1,1
4232,1,0,0,0
5626,0,0,0,0
3049,1,1,1,1
5397,0,1,0,0
8637,0,0,0,0
8785,0,1,0,0
4438,1,1,1,1
1410,0,0,0,0
6902,0,0,0,0
187,0,0,0,0
3883,1,1,1,1
3988,1,0,1,1
5620,0,0,0,0
2904,1,1,0,0
3926,0,0,0,0
9020,0,0,0,0
2947,1,1,1,1
2364,1,1,1,1
5291,1,0,1,1
7078,0,0,0,0
4477,0,0,0,0
4333,1,1,1,1
9247,0,1,0,0
6957,0,0,0,0
7281,0,0,0,0
4012,1,0,0,0
975,1,1,1,1
8037,1,1,1,1
10408,1,1,1,1
2900,1,1,1,1
6457,1,1,1,1
9292,0,1,0,0
2115,0,0,0,0
9001,1,1,1,1
8981,0,0,0,0
6085,0,0,0,0
49,0,0,0,0
210,0,0,0,0
1607,1,0,0,0
5256,0,1,0,0
3170,1,1,1,1
147,1,1,1,1
7627,1,1,1,1
83,0,0,0,0
3686,0,0,0,0
5133,0,1,1,1
935,0,0,0,0
2875,0,0,1,1
7277,0,0,0,0
55,1,1,1,1
1253,1,1,0,0
3406,1,1,1,1
2474,1,1,1,1
8451,0,0,0,0
7301,1,1,1,1
8466,0,0,0,0
7499,1,1,1,1
4926,1,1,1,1
9033,1,1,0,0
3999,0,0,0,0
1017,0,0,0,0
947,1,1,1,1
7798,0,1,0,0
6280,0,0,0,0
6393,0,0,0,0
8056,0,0,0,0
9003,0,0,0,0
4481,0,0,0,0
5134,1,1,1,1
4804,0,1,0,0
34,0,0,0,0
5659,1,1,1,1
4519,0,0,0,0
6272,1,1,1,1
765,0,0,0,0
3752,1,0,1,1
1753,1,1,0,0
2123,0,1,0,0
1802,0,0,0,0
7678,1,0,1,1
4547,1,0,0,0
3793,0,0,0,0
7453,0,1,0,0
5330,0,0,1,1
4093,1,1,1,1
2362,0,1,0,0
7116,0,0,0,0
3135,1,1,1,1
10536,0,0,0,0
8484,0,0,0,0
9002,0,0,0,0
10204,0,0,0,0
7570,0,0,0,0
1275,1,1,1,1
3630,1,0,0,0
9096,1,0,0,0
3475,0,0,0,0
4818,0,0,1,1
2019,0,0,0,0
10402,0,0,0,0
643,1,1,1,1
9927,0,0,0,0
2827,0,0,0,0
288,1,1,0,0
7886,1,1,1,1
6584,1,1,1,1
5554,1,1,1,1
6329,0,0,0,0
1233,1,0,0,0
2541,1,1,0,0
1150,1,1,1,1
8459,1,1,1,1
1814,0,0,0,0
5564,1,0,0,0
4306,1,1,1,1
2144,0,0,0,0
9792,0,0,0,0
4634,1,1,0,0
10084,0,1,0,0
9847,0,0,0,0
8510,0,0,0,0
8921,0,0,1,1
2509,1,1,1,1
2111,1,1,1,1
7505,1,1,0,0
556,0,0,0,0
9596,1,1,1,1
1863,0,0,0,0
8172,0,0,0,0
8404,1,1,1,1
3607,1,1,0,0
7802,0,0,1,1
3503,0,0,0,0
5624,1,0,0,0
331,1,1,1,1
542,1,1,1,1
9705,0,0,0,0
3592,0,0,0,0
5018,0,0,1,1
5800,1,1,1,1
8651,0,0,0,0
7600,0,0,0,0
9509,0,0,0,0
5431,0,0,0,0
7454,1,1,0,0
8106,0,0,0,0
3137,1,1,1,1
702,1,1,1,1
6287,1,0,1,1
5657,0,0,0,0
8027,0,0,0,0
5350,0,0,0,0
30,0,1,1,1
2677,1,1,0,0
3898,0,0,0,0
9451,1,1,1,1
9949,1,1,1,1
8074,0,0,0,0
6618,0,1,1,1
8351,0,0,0,0
7861,1,1,1,1
8914,0,1,1,1
9820,1,0,0,0
9148,1,1,1,1
1334,0,0,0,0
1684,0,0,1,1
6414,1,1,0,0
6967,0,0,0,0
1726,1,0,0,0
9178,0,0,0,0
6642,0,0,0,0
1024,1,1,1,1
6437,0,0,0,0
7042,1,1,1,1
5319,0,1,0,0
4594,1,1,1,1
3702,1,1,1,1
4882,1,1,1,1
4243,0,0,0,0
4750,0,0,0,0
5735,0,1,1,1
1432,0,0,0,0
7576,1,1,1,1
7455,1,1,0,0
5563,0,0,0,0
2291,1,1,1,1
5386,0,0,0,0
8490,0,0,0,0
2357,0,0,0,0
5473,1,1,1,1
7091,1,1,1,1
2464,0,0,0,0
2801,1,1,1,1
6604,1,1,1,1
2122,1,1,1,1
4320,1,1,1,1
1841,1,0,1,1
8129,1,0,0,0
3149,0,1,0,0
10525,1,1,1,1
1869,0,1,0,0
8664,0,1,0,0
1941,0,0,0,0
5216,1,1,0,0
7993,0,0,0,0
7327,0,0,0,0
4076,0,0,0,0
6544,0,0,0,0
3300,0,1,0,0
9139,1,1,1,1
6761,1,1,1,1
2220,0,0,0,0
5661,0,0,0,0
1676,0,0,0,0
1572,1,1,1,1
9545,0,0,0,0
212,1,1,1,1
2498,0,0,0,0
5758,0,1,0,0
241,1,1,1,1
7872,0,0,1,1
10546,0,0,0,0
9615,0,1,1,1
882,0,1,0,0
5753,0,0,0,0
547,1,1,0,0
10275,0,0,0,0
7686,0,0,1,1
6508,1,1,1,1
4296,1,1,1,1
6625,1,1,1,1
404,0,0,0,0
1289,0,0,0,0
5239,0,0,1,1
10261,1,1,1,1
2649,0,0,0,0
9886,0,1,1,1
5341,0,0,0,0
869,1,1,1,1
5533,1,1,1,1
1560,1,1,1,1
9892,0,1,0,0
1933,0,0,0,0
5885,0,0,0,0
7833,0,0,0,0
7296,0,0,0,0
7373,0,0,1,1
8983,0,0,0,0
5842,0,0,0,0
2194,0,0,0,0
132,1,1,1,1
2659,0,1,1,1
7896,0,0,0,0
7887,1,1,1,1
5745,0,1,1,1
2409,1,1,1,1
2253,1,1,1,1
1434,1,1,1,1
6946,0,0,0,0
6510,1,1,1,1
6982,0,0,0,0
8999,0,0,0,0
5170,0,1,0,0
10158,0,0,0,0
234,1,0,0,0
9034,1,1,1,1
3801,1,1,1,1
3887,1,1,1,1
10361,1,0,0,0
5385,1,1,1,1
6575,1,1,1,1
3560,0,1,0,0
2112,1,1,1,1
4307,1,1,1,1
8704,1,1,1,1
10476,1,1,1,1
4637,1,0,0,0
2953,1,1,1,1
1320,1,1,1,1
3264,0,0,0,0
7904,1,1,1,1
9144,1,1,1,1
4494,1,1,1,1
4819,1,1,1,1
3781,1,0,0,0
3459,1,1,0,0
5681,1,0,0,0
6507,0,1,1,1
3722,1,1,1,1
398,0,0,0,0
9377,0,0,1,1
978,1,1,1,1
3104,1,1,1,1
2693,0,0,0,0
3803,1,1,1,1
9533,1,1,1,1
1173,1,1,1,1
10307,1,0,1,1
10326,0,0,0,0
5113,0,0,0,0
1116,1,1,1,1
10452,1,1,1,1
8013,0,0,0,0
6491,0,0,0,0
9906,1,1,1,1
7531,1,1,1,1
102,1,0,0,0
5233,1,1,1,1
1661,1,1,1,1
8280,0,0,0,0
1000,1,1,1,1
3743,1,0,1,1
1501,1,1,1,1
3809,1,1,0,0
8647,1,1,1,1
1959,0,0,0,0
1690,0,1,0,0
5498,1,1,1,1
837,0,0,0,0
8788,1,1,1,1
4114,1,1,1,1
1413,1,1,1,1
6836,1,0,1,1
4240,1,0,0,0
1908,1,1,1,1
5750,1,0,0,0
10087,1,1,0,0
2680,1,1,1,1
4323,1,1,1,1
4439,1,1,1,1
8517,1,0,0,0
933,1,1,1,1
33,1,1,1,1
4295,0,0,0,0
3258,0,1,0,0
7497,0,0,0,0
9276,0,0,0,0
9811,0,0,0,0
3833,0,1,0,0
7682,0,0,0,0
1748,0,0,0,0
3693,0,0,0,0
3608,1,1,1,1
10230,1,0,0,0
5468,0,0,0,0
10464,1,1,1,1
6932,0,0,0,0
3616,1,1,0,0
9603,1,1,1,1
10394,1,1,1,1
5509,1,1,1,1
3731,1,1,1,1
5827,0,0,0,0
10527,1,1,1,1
7004,1,1,1,1
3210,1,1,1,1
59,1,1,1,1
2660,1,0,1,1
1909,0,0,0,0
8569,1,1,1,1
2862,0,0,0,0
5966,0,0,0,0
2639,1,1,0,0
6838,1,1,1,1
9527,0,0,0,0
5345,1,1,1,1
7702,1,1,1,1
3242,0,1,0,0
6516,0,0,0,0
10412,0,1,0,0
8213,1,0,0,0
2598,1,1,1,1
6193,0,0,0,0
9593,1,1,1,1
6646,1,1,1,1
5388,1,1,0,0
6413,1,1,1,1
1540,0,0,0,0
8660,0,0,0,0
2999,1,1,0,0
3194,0,0,0,0
9437,1,1,1,1
9473,1,1,0,0
877,0,0,0,0
9640,1,0,0,0
4434,0,1,0,0
8385,1,0,0,0
2542,0,0,0,0
3281,0,0,0,0
7820,0,1,0,0
1418,1,1,1,1
6079,1,1,1,1
3685,0,0,0,0
9361,0,0,0,0
3364,0,1,1,1
7495,1,1,1,1
8226,1,1,1,1
8043,1,1,0,0
9924,0,0,0,0
6018,0,0,0,0
3,1,1,1,1
4592,0,0,0,0
10125,1,0,1,1
8900,1,1,1,1
7028,1,1,1,1
3419,0,1,1,1
5514,1,1,0,0
2770,0,0,0,0
5007,1,1,1,1
1931,0,0,0,0
9768,0,1,0,0
3337,1,0,0,0
703,0,0,0,0
6685,0,0,0,0
6064,0,0,0,0
1881,1,0,0,0
4842,0,1,1,1
8432,0,0,0,0
3569,0,0,0,0
9797,1,0,0,0
2829,0,0,0,0
3739,0,0,0,0
2128,1,1,0,0
2372,0,0,0,0
3354,0,0,0,0
3321,1,1,1,1
8532,1,1,1,1
1800,1,1,1,1
2560,0,1,0,0
3936,1,1,1,1
2588,0,1,0,0
4890,1,1,1,1
8912,1,1,1,1
6192,0,0,0,0
8658,0,0,0,0
5272,0,1,0,0
10404,1,1,1,1
2299,0,0,0,0
9419,0,0,0,0
3018,1,1,0,0
8642,1,0,1,1
6594,0,0,0,0
8852,0,1,0,0
9212,0,0,0,0
7081,0,1,1,1
8469,0,1,0,0
1372,1,0,0,0
2514,0,1,0,0
2311,0,0,0,0
5548,1,0,0,0
9024,1,1,1,1
10324,0,0,0,0
7735,0,0,0,0
1488,1,1,1,1
9130,1,1,1,1
2307,1,1,1,1
2374,0,0,0,0
10519,1,1,1,1
10264,1,1,1,1
9908,0,0,0,0
1073,1,1,0,0
118,1,1,1,1
8884,0,0,0,0
242,0,0,0,0
6300,0,0,0,0
5422,0,1,0,0
899,1,0,1,1
773,1,0,0,0
70,1,1,1,1
9249,0,0,0,0
8847,0,1,0,0
432,0,0,0,0
468,1,1,1,1
7830,1,1,1,1
4642,1,1,1,1
1782,1,1,1,1
8683,1,0,0,0
8551,0,0,0,0
5224,0,0,0,0
922,1,1,0,0
757,1,1,1,1
1101,0,0,0,0
6804,0,0,0,0
9266,1,1,1,1
6487,0,1,0,0
5627,0,0,0,0
4972,1,1,1,1
3596,1,1,1,1
1420,1,0,0,0
10209,1,0,0,0
8629,1,1,1,1
3147,1,1,1,1
9821,1,1,1,1
10377,0,0,0,0
456,0,0,0,0
9887,0,0,0,0
8864,0,1,0,0
5665,0,0,0,0
1764,0,0,0,0
9198,1,1,1,1
7536,1,0,0,0
991,1,1,1,1
1537,1,1,1,1
3450,1,1,1,1
5663,1,1,1,1
4221,1,1,0,0
3350,0,0,0,0
943,0,0,0,0
3203,0,0,1,1
1144,0,0,0,0
2334,0,0,1,1
7074,1,1,1,1
10071,1,1,1,1
7540,1,1,1,1
4143,0,0,0,0
6643,1,0,0,0
1067,0,0,0,0
6356,1,1,1,1
8133,0,0,0,0
108,0,0,0,0
308,1,1,0,0
7432,0,0,0,0
2652,1,1,1,1
4740,1,1,1,1
7048,0,0,0,0
490,0,0,0,0
6808,0,1,0,0
7990,0,0,0,0
4460,0,0,0,0
6803,1,1,1,1
2414,0,0,0,0
8085,0,1,0,0
2031,1,1,1,1
8476,1,1,1,1
9840,1,1,1,1
2853,0,0,0,0
8114,1,0,1,1
6245,1,1,1,1
8918,0,0,0,0
2621,0,1,0,0
5344,1,1,1,1
3775,0,0,0,0
631,0,0,0,0
10481,0,0,0,0
8188,1,1,1,1
9830,1,1,1,1
5426,0,1,1,1
6688,0,1,1,1
4132,1,1,1,1
588,0,1,1,1
5600,0,1,0,0
4743,0,0,0,0
8711,0,1,0,0
6039,0,0,0,0
4576,1,1,0,0
6941,0,0,0,0
10202,0,0,1,1
6632,1,1,0,0
1079,1,0,1,1
9642,1,0,0,0
5401,0,0,0,0
600,0,0,0,0
4873,0,0,0,0
5558,0,0,0,0
483,0,1,0,0
10378,1,1,1,1
9004,0,0,0,0
2809,1,1,1,1
9542,1,1,1,1
3215,0,0,0,0
6924,1,0,0,0
7213,1,1,1,1
3105,1,1,1,1
9771,1,1,1,1
632,1,1,1,1
3232,1,1,1,1
1543,0,0,0,0
2164,1,1,1,1
4559,0,0,0,0
9530,0,0,0,0
2033,1,1,0,0
2842,0,0,0,0
4186,0,0,0,0
4078,0,0,0,0
8093,1,1,1,1
7286,1,1,1,1
7044,1,1,1,1
9234,1,0,0,0
8536,0,0,0,0
307,1,1,1,1
4382,1,1,1,1
1350,0,0,0,0
4632,1,1,1,1
5639,0,0,0,0
6445,1,0,0,0
10511,0,0,0,0
8601,0,0,0,0
137,0,0,0,0
2298,1,1,1,1
8978,0,0,0,0
7218,1,0,0,0
856,1,0,0,0
736,0,0,0,0
7719,1,1,0,0
3177,1,0,0,0
2564,1,1,1,1
3123,1,1,1,1
4827,0,0,0,0
6386,0,0,0,0
708,1,1,1,1
1414,1,1,1,1
7190,0,0,1,1
10298,1,1,0,0
838,1,1,1,1
10145,1,1,1,1
3071,1,1,1,1
5329,0,1,0,0
462,0,0,0,0
9809,0,0,0,0
7279,1,1,1,1
2707,0,0,0,0
3671,1,1,1,1
516,1,1,1,1
10395,0,0,0,0
8167,0,0,0,0
2138,0,0,1,1
5192,0,0,0,0
1377,0,0,0,0
1390,0,0,0,0
1244,0,0,0,0
8424,0,1,0,0
205,1,0,0,0
9592,1,1,1,1
116,1,1,0,0
8306,0,1,0,0
7649,1,1,1,1
9560,0,1,1,1
2102,0,0,0,0
10490,1,1,1,1
97,1,1,0,0
7618,0,0,0,0
9413,0,0,0,0
6148,1,1,1,1
7147,1,1,1,1
2430,1,1,1,1
7539,1,1,1,1
7475,0,1,1,1
7796,1,1,1,1
1582,0,0,1,1
8454,0,0,0,0
3164,0,0,0,0
2375,1,1,1,1
980,1,0,0,0
10233,0,0,0,0
2271,1,0,0,0
7843,0,0,0,0
6165,1,1,1,1
3449,1,1,1,1
8757,1,0,1,1
9757,1,1,1,1
6925,1,1,1,1
6191,1,1,0,0
6985,0,0,0,0
9064,0,1,0,0
2691,1,1,1,1
657,0,0,0,0
858,0,0,0,0
6677,1,1,1,1
642,1,0,1,1
2627,0,0,0,0
1569,1,1,1,1
3674,0,0,0,0
10095,0,1,0,0
7423,1,0,1,1
4993,0,0,0,0
4983,0,0,0,0
7070,1,1,1,1
700,1,1,1,1
2447,0,0,0,0
2380,1,1,1,1
8418,1,1,1,1
1288,0,0,0,0
9400,0,0,0,0
8530,0,0,0,0
784,0,0,0,0
2969,0,0,0,0
892,1,1,1,1
5679,0,0,0,0
4650,0,0,0,0
994,1,1,1,1
9751,1,1,1,1
9462,0,0,0,0
4958,1,1,1,1
506,1,1,1,1
4631,0,0,0,0
4321,0,0,0,0
5617,0,1,0,0
7571,1,1,1,1
6873,0,0,0,0
7964,0,0,0,0
4567,1,1,1,1
7429,1,1,1,1
3615,0,0,0,0
8744,0,0,0,0
1142,0,0,0,0
6189,0,0,0,0
3411,1,1,0,0
9133,1,0,0,0
5806,0,0,0,0
2385,0,0,0,0
801,1,1,1,1
4672,1,0,0,0
6530,1,1,1,1
260,1,0,0,0
6624,1,0,1,1
2001,1,1,1,1
8403,1,1,1,1
4935,0,0,0,0
7264,1,1,1,1
9714,0,1,1,1
5903,1,1,1,1
3176,0,1,1,1
7441,1,1,1,1
